,fips_code,hit/no hit,state,AQI index,date
0,6063,hit,CA,4.884722333333333,2020-08-01
1,6063,hit,CA,9.898611166666669,2020-08-02
2,6063,hit,CA,8.078019500000002,2020-08-03
3,6063,hit,CA,8.5819445,2020-08-04
4,6063,hit,CA,4.047222333333334,2020-08-05
5,6063,hit,CA,2.3986111666666665,2020-08-06
6,6063,hit,CA,3.7486111666666666,2020-08-07
7,6063,hit,CA,4.013888833333334,2020-08-08
8,6063,hit,CA,4.847222166666667,2020-08-09
9,6063,hit,CA,4.186896166666666,2020-08-10
10,6063,hit,CA,5.936111166666667,2020-08-11
11,6063,hit,CA,4.091812833333333,2020-08-12
12,6063,hit,CA,4.687499833333333,2020-08-13
13,6063,hit,CA,4.330555666666666,2020-08-14
14,6063,hit,CA,3.9361111666666666,2020-08-15
15,6063,hit,CA,4.051389,2020-08-16
16,6063,hit,CA,9.748611,2020-08-17
17,6063,hit,CA,20.101570166666665,2020-08-18
18,6063,hit,CA,48.50883833333333,2020-08-19
19,6063,hit,CA,64.40833316666667,2020-08-20
20,6063,hit,CA,107.25555566666668,2020-08-21
21,6063,hit,CA,99.42222216666666,2020-08-22
22,6063,hit,CA,83.85912716666667,2020-08-23
23,6063,hit,CA,125.4603535,2020-08-24
24,6063,hit,CA,135.3272345,2020-08-25
25,6063,hit,CA,108.24722233333334,2020-08-26
26,6063,hit,CA,62.56527766666667,2020-08-27
27,6063,hit,CA,57.724999833333335,2020-08-28
28,6063,hit,CA,105.88282833333334,2020-08-29
29,6063,hit,CA,109.56557966666666,2020-08-30
30,6063,hit,CA,65.81666666666666,2020-08-31
31,6063,hit,CA,17.393176166666667,2020-09-01
32,6063,hit,CA,44.34785366666667,2020-09-02
33,6063,hit,CA,115.7180555,2020-09-03
34,6063,hit,CA,106.42222233333332,2020-09-04
35,6063,hit,CA,58.9055555,2020-09-05
36,6063,hit,CA,39.16388883333334,2020-09-06
37,6063,hit,CA,44.933695666666665,2020-09-07
38,6063,hit,CA,31.951515166666667,2020-09-08
39,6063,hit,CA,3.3000000000000003,2020-09-09
40,6063,hit,CA,110.25808083333334,2020-09-10
41,6063,hit,CA,216.9629955,2020-09-11
42,6063,hit,CA,301.78051750000003,2020-09-12
43,6063,hit,CA,173.41966383333332,2020-09-13
44,6063,hit,CA,90.66666666666669,2020-09-14
45,6063,hit,CA,82.41626983333333,2020-09-15
46,6063,hit,CA,95.4247475,2020-09-16
47,6063,hit,CA,61.95277766666667,2020-09-17
48,6063,hit,CA,24.286111166666668,2020-09-18
49,6063,hit,CA,32.619444333333334,2020-09-19
50,6063,hit,CA,54.13333316666667,2020-09-20
51,6063,hit,CA,86.2555555,2020-09-21
52,6063,hit,CA,27.563164166666667,2020-09-22
53,6063,hit,CA,19.3853535,2020-09-23
54,6063,hit,CA,17.83750016666667,2020-09-24
55,6063,hit,CA,20.565277833333333,2020-09-25
56,6063,hit,CA,41.88472216666667,2020-09-26
57,6063,hit,CA,6.541468333333333,2020-09-27
58,6063,hit,CA,2.386534,2020-09-28
59,6063,hit,CA,28.020202,2020-09-29
60,6063,hit,CA,87.40366166666666,2020-09-30
61,6063,hit,CA,49.936111,2020-10-01
62,6063,hit,CA,23.48333333333333,2020-10-02
63,6063,hit,CA,31.15,2020-10-03
64,6063,hit,CA,45.61944449999999,2020-10-04
65,6063,hit,CA,19.2936595,2020-10-05
66,6063,hit,CA,13.340579666666663,2020-10-06
67,6063,hit,CA,12.6358585,2020-10-07
68,6063,hit,CA,11.004166499999998,2020-10-08
69,6063,hit,CA,12.058333500000002,2020-10-09
70,6063,hit,CA,8.786111166666666,2020-10-10
71,6063,hit,CA,5.095833333333333,2020-10-11
72,6063,hit,CA,5.602777666666667,2020-10-12
73,6063,hit,CA,21.52083333333333,2020-10-13
74,6063,hit,CA,11.126388833333332,2020-10-14
75,6063,hit,CA,10.7564706,2020-10-15
76,6063,hit,CA,2.8652175,2020-10-16
77,6063,hit,CA,2.592543833333333,2020-10-17
78,6063,hit,CA,5.211111,2020-10-18
79,6063,hit,CA,7.062121166666667,2020-10-19
80,6063,hit,CA,4.956565666666667,2020-10-20
81,6063,hit,CA,5.4622475,2020-10-21
82,6063,hit,CA,7.588888833333333,2020-10-22
83,6063,hit,CA,6.65,2020-10-23
84,6063,hit,CA,7.527777833333334,2020-10-24
85,6063,hit,CA,8.126389,2020-10-25
86,6063,hit,CA,8.256763333333334,2020-10-26
87,6063,hit,CA,7.545833333333333,2020-10-27
88,6063,hit,CA,9.1066666,2020-10-28
89,6063,hit,CA,8.1333335,2020-10-29
90,6063,hit,CA,14.0208335,2020-10-30
91,6063,hit,CA,14.23541675,2020-10-31
92,6037,no hit,CA,14.870277733333332,2020-08-01
93,6037,no hit,CA,15.782291666666666,2020-08-02
94,6037,no hit,CA,18.19097225,2020-08-03
95,6037,no hit,CA,15.952243615384615,2020-08-04
96,6037,no hit,CA,13.85729175,2020-08-05
97,6037,no hit,CA,12.59287975,2020-08-06
98,6037,no hit,CA,11.639127,2020-08-07
99,6037,no hit,CA,13.64583325,2020-08-08
100,6037,no hit,CA,11.359375,2020-08-09
101,6037,no hit,CA,9.886858923076923,2020-08-10
102,6037,no hit,CA,9.892361166666667,2020-08-11
103,6037,no hit,CA,9.748263916666666,2020-08-12
104,6037,no hit,CA,10.9604444,2020-08-13
105,6037,no hit,CA,18.62430558333333,2020-08-14
106,6037,no hit,CA,16.68333325,2020-08-15
107,6037,no hit,CA,15.690442846153845,2020-08-16
108,6037,no hit,CA,18.6114585,2020-08-17
109,6037,no hit,CA,20.070833416666662,2020-08-18
110,6037,no hit,CA,18.710666666666665,2020-08-19
111,6037,no hit,CA,21.635733666666667,2020-08-20
112,6037,no hit,CA,23.686654909090908,2020-08-21
113,6037,no hit,CA,22.70200669230769,2020-08-22
114,6037,no hit,CA,17.6629165,2020-08-23
115,6037,no hit,CA,14.7218297,2020-08-24
116,6037,no hit,CA,11.134632,2020-08-25
117,6037,no hit,CA,10.786805666666666,2020-08-26
118,6037,no hit,CA,16.341698166666667,2020-08-27
119,6037,no hit,CA,12.89583323076923,2020-08-28
120,6037,no hit,CA,11.323958333333332,2020-08-29
121,6037,no hit,CA,11.529861083333335,2020-08-30
122,6037,no hit,CA,11.304166666666667,2020-08-31
123,6037,no hit,CA,11.795601916666667,2020-09-01
124,6037,no hit,CA,12.287638833333332,2020-09-02
125,6037,no hit,CA,16.530988999999998,2020-09-03
126,6037,no hit,CA,22.999335833333333,2020-09-04
127,6037,no hit,CA,19.106280166666668,2020-09-05
128,6037,no hit,CA,15.9238095,2020-09-06
129,6037,no hit,CA,19.6934849,2020-09-07
130,6037,no hit,CA,16.68256472727273,2020-09-08
131,6037,no hit,CA,19.30064107692308,2020-09-09
132,6037,no hit,CA,31.212216,2020-09-10
133,6037,no hit,CA,55.30773807142857,2020-09-11
134,6037,no hit,CA,59.4097222,2020-09-12
135,6037,no hit,CA,51.11190471428571,2020-09-13
136,6037,no hit,CA,55.20505957142858,2020-09-14
137,6037,no hit,CA,57.5275,2020-09-15
138,6037,no hit,CA,36.3875,2020-09-16
139,6037,no hit,CA,20.00312508333333,2020-09-17
140,6037,no hit,CA,22.12648807142857,2020-09-18
141,6037,no hit,CA,19.51770833333333,2020-09-19
142,6037,no hit,CA,17.81076375,2020-09-20
143,6037,no hit,CA,18.85972225,2020-09-21
144,6037,no hit,CA,18.26909725,2020-09-22
145,6037,no hit,CA,16.924950416666665,2020-09-23
146,6037,no hit,CA,20.665692714285715,2020-09-24
147,6037,no hit,CA,19.252182583333333,2020-09-25
148,6037,no hit,CA,20.29305558333333,2020-09-26
149,6037,no hit,CA,19.59965275,2020-09-27
150,6037,no hit,CA,18.78784725,2020-09-28
151,6037,no hit,CA,13.842361083333335,2020-09-29
152,6037,no hit,CA,15.379897071428571,2020-09-30
153,6037,no hit,CA,24.177430583333333,2020-10-01
154,6037,no hit,CA,24.273291,2020-10-02
155,6037,no hit,CA,28.74930558333333,2020-10-03
156,6037,no hit,CA,37.57326391666667,2020-10-04
157,6037,no hit,CA,38.63715275,2020-10-05
158,6037,no hit,CA,30.83988092857143,2020-10-06
159,6037,no hit,CA,27.63958325,2020-10-07
160,6037,no hit,CA,24.326388833333336,2020-10-08
161,6037,no hit,CA,21.27301583333333,2020-10-09
162,6037,no hit,CA,16.876736166666667,2020-10-10
163,6037,no hit,CA,13.862847166666668,2020-10-11
164,6037,no hit,CA,13.47410714285714,2020-10-12
165,6037,no hit,CA,13.448958333333332,2020-10-13
166,6037,no hit,CA,16.914930583333334,2020-10-14
167,6037,no hit,CA,17.561079583333335,2020-10-15
168,6037,no hit,CA,14.028402833333333,2020-10-16
169,6037,no hit,CA,14.364583333333334,2020-10-17
170,6037,no hit,CA,21.49423076923077,2020-10-18
171,6037,no hit,CA,20.372916666666665,2020-10-19
172,6037,no hit,CA,24.14107125,2020-10-20
173,6037,no hit,CA,30.18645833333333,2020-10-21
174,6037,no hit,CA,17.160763833333334,2020-10-22
175,6037,no hit,CA,13.626388916666665,2020-10-23
176,6037,no hit,CA,10.268154785714286,2020-10-24
177,6037,no hit,CA,7.37534725,2020-10-25
178,6037,no hit,CA,18.873611083333333,2020-10-26
179,6037,no hit,CA,26.721875,2020-10-27
180,6037,no hit,CA,19.22118058333333,2020-10-28
181,6037,no hit,CA,16.881597166666666,2020-10-29
182,6037,no hit,CA,15.321471071428572,2020-10-30
183,6037,no hit,CA,17.6381945,2020-10-31
184,6015,hit,CA,1.5916666666666666,2020-08-01
185,6015,hit,CA,2.4083335,2020-08-02
186,6015,hit,CA,4.0,2020-08-03
187,6015,hit,CA,4.041666666666667,2020-08-04
188,6015,hit,CA,4.5208335,2020-08-05
189,6015,hit,CA,5.3166665,2020-08-06
190,6015,hit,CA,9.041666666666666,2020-08-07
191,6015,hit,CA,13.5416665,2020-08-08
192,6015,hit,CA,16.2041665,2020-08-09
193,6015,hit,CA,11.433333333333332,2020-08-10
194,6015,hit,CA,5.9083335,2020-08-11
195,6015,hit,CA,8.8166665,2020-08-12
196,6015,hit,CA,9.4,2020-08-13
197,6015,hit,CA,14.205263,2020-08-14
198,6015,hit,CA,18.618182,2020-08-15
199,6015,hit,CA,12.746031666666669,2020-08-16
200,6015,hit,CA,2.7071430000000003,2020-08-17
201,6015,hit,CA,3.2041665000000004,2020-08-18
202,6015,hit,CA,1.261111,2020-08-19
203,6015,hit,CA,2.1333335,2020-08-20
204,6015,hit,CA,3.0,2020-08-21
205,6015,hit,CA,3.75,2020-08-22
206,6015,hit,CA,4.9083335,2020-08-23
207,6015,hit,CA,4.3166665,2020-08-24
208,6015,hit,CA,6.95,2020-08-25
209,6015,hit,CA,6.6125,2020-08-26
210,6015,hit,CA,9.2041665,2020-08-27
211,6015,hit,CA,10.516666666666666,2020-08-28
212,6015,hit,CA,8.5416665,2020-08-29
213,6015,hit,CA,12.8375,2020-08-30
214,6015,hit,CA,9.477777666666666,2020-08-31
215,6015,hit,CA,9.5416665,2020-09-01
216,6015,hit,CA,1.7458334999999998,2020-09-02
217,6015,hit,CA,2.386111,2020-09-03
218,6015,hit,CA,6.225,2020-09-04
219,6015,hit,CA,10.3166665,2020-09-05
220,6015,hit,CA,18.29444433333333,2020-09-06
221,6015,hit,CA,13.0416665,2020-09-07
222,6015,hit,CA,48.4291665,2020-09-08
223,6015,hit,CA,36.7041665,2020-09-09
224,6015,hit,CA,122.725,2020-09-10
225,6015,hit,CA,169.52083349999998,2020-09-11
226,6015,hit,CA,127.9083335,2020-09-12
227,6015,hit,CA,86.714286,2020-09-13
228,6015,hit,CA,14.369231,2020-09-15
229,6015,hit,CA,5.7458335,2020-09-16
230,6015,hit,CA,2.3166665,2020-09-17
231,6015,hit,CA,7.133333333333333,2020-09-18
232,6015,hit,CA,4.3375,2020-09-19
233,6015,hit,CA,7.2458335,2020-09-20
234,6015,hit,CA,6.044444333333334,2020-09-21
235,6015,hit,CA,5.2041665,2020-09-22
236,6015,hit,CA,6.5,2020-09-23
237,6015,hit,CA,6.427777666666667,2020-09-24
238,6015,hit,CA,7.2458335,2020-09-25
239,6015,hit,CA,4.6333335,2020-09-26
240,6015,hit,CA,7.933333333333334,2020-09-27
241,6015,hit,CA,12.0,2020-09-28
242,6015,hit,CA,28.4291665,2020-09-29
243,6015,hit,CA,41.59166666666667,2020-09-30
244,6015,hit,CA,33.541666500000005,2020-10-01
245,6015,hit,CA,10.7458335,2020-10-02
246,6015,hit,CA,12.313888999999998,2020-10-03
247,6015,hit,CA,12.6333335,2020-10-04
248,6015,hit,CA,9.2136365,2020-10-05
249,6015,hit,CA,55.413889000000005,2020-10-06
250,6015,hit,CA,82.02083350000001,2020-10-07
251,6015,hit,CA,47.3166665,2020-10-08
252,6015,hit,CA,14.733333333333334,2020-10-09
253,6015,hit,CA,6.2458335,2020-10-10
254,6015,hit,CA,6.5416665,2020-10-11
255,6015,hit,CA,3.533333333333333,2020-10-12
256,6015,hit,CA,5.0416665,2020-10-13
257,6015,hit,CA,8.225,2020-10-14
258,6015,hit,CA,6.472222333333334,2020-10-15
259,6015,hit,CA,9.7041665,2020-10-16
260,6015,hit,CA,9.6333335,2020-10-17
261,6015,hit,CA,6.691666666666666,2020-10-18
262,6015,hit,CA,5.7458335,2020-10-19
263,6015,hit,CA,9.2041665,2020-10-20
264,6015,hit,CA,7.719444333333333,2020-10-21
265,6015,hit,CA,8.633333499999999,2020-10-22
266,6015,hit,CA,7.3166665,2020-10-23
267,6015,hit,CA,7.086111,2020-10-24
268,6015,hit,CA,8.929166500000001,2020-10-25
269,6015,hit,CA,9.6125,2020-10-26
270,6015,hit,CA,11.236111,2020-10-27
271,6015,hit,CA,16.9291665,2020-10-28
272,6015,hit,CA,16.908333499999998,2020-10-29
273,6015,hit,CA,11.369444333333334,2020-10-30
274,6015,hit,CA,10.5416665,2020-10-31
275,6073,no hit,CA,12.7491666,2020-08-01
276,6073,no hit,CA,9.4329167,2020-08-02
277,6073,no hit,CA,11.5545833,2020-08-03
278,6073,no hit,CA,12.3029544,2020-08-04
279,6073,no hit,CA,9.4541667,2020-08-05
280,6073,no hit,CA,8.0276269,2020-08-06
281,6073,no hit,CA,8.167916700000001,2020-08-07
282,6073,no hit,CA,9.3720833,2020-08-08
283,6073,no hit,CA,8.7474999,2020-08-09
284,6073,no hit,CA,8.42,2020-08-10
285,6073,no hit,CA,8.9361594,2020-08-11
286,6073,no hit,CA,10.6745833,2020-08-12
287,6073,no hit,CA,10.3483281,2020-08-13
288,6073,no hit,CA,11.0204167,2020-08-14
289,6073,no hit,CA,14.4887501,2020-08-15
290,6073,no hit,CA,12.2775,2020-08-16
291,6073,no hit,CA,13.5179167,2020-08-17
292,6073,no hit,CA,13.5262499,2020-08-18
293,6073,no hit,CA,13.3902717,2020-08-19
294,6073,no hit,CA,13.138636299999998,2020-08-20
295,6073,no hit,CA,15.3073106,2020-08-21
296,6073,no hit,CA,10.9050595,2020-08-22
297,6073,no hit,CA,7.985416599999999,2020-08-23
298,6073,no hit,CA,10.4420834,2020-08-24
299,6073,no hit,CA,10.6771377,2020-08-25
300,6073,no hit,CA,7.747738099999999,2020-08-26
301,6073,no hit,CA,11.82125,2020-08-27
302,6073,no hit,CA,11.4174241,2020-08-28
303,6073,no hit,CA,8.8154167,2020-08-29
304,6073,no hit,CA,7.125416599999999,2020-08-30
305,6073,no hit,CA,7.8925,2020-08-31
306,6073,no hit,CA,7.2594047,2020-09-01
307,6073,no hit,CA,9.2120834,2020-09-02
308,6073,no hit,CA,11.4495672,2020-09-03
309,6073,no hit,CA,15.7917654,2020-09-04
310,6073,no hit,CA,20.395,2020-09-05
311,6073,no hit,CA,20.1199999,2020-09-06
312,6073,no hit,CA,16.117916700000002,2020-09-07
313,6073,no hit,CA,13.0729167,2020-09-08
314,6073,no hit,CA,14.9644204,2020-09-09
315,6073,no hit,CA,14.0883957,2020-09-10
316,6073,no hit,CA,23.3662499,2020-09-11
317,6073,no hit,CA,38.3475,2020-09-12
318,6073,no hit,CA,39.2200001,2020-09-13
319,6073,no hit,CA,42.8945834,2020-09-14
320,6073,no hit,CA,47.87125,2020-09-15
321,6073,no hit,CA,33.084166700000004,2020-09-16
322,6073,no hit,CA,20.5825,2020-09-17
323,6073,no hit,CA,15.8206803,2020-09-18
324,6073,no hit,CA,15.60875,2020-09-19
325,6073,no hit,CA,12.0654167,2020-09-20
326,6073,no hit,CA,12.3537501,2020-09-21
327,6073,no hit,CA,11.7408333,2020-09-22
328,6073,no hit,CA,12.2054167,2020-09-23
329,6073,no hit,CA,13.5654167,2020-09-24
330,6073,no hit,CA,12.1620726,2020-09-25
331,6073,no hit,CA,13.0262499,2020-09-26
332,6073,no hit,CA,12.6006359,2020-09-27
333,6073,no hit,CA,12.719511,2020-09-28
334,6073,no hit,CA,13.8215476,2020-09-29
335,6073,no hit,CA,14.745416699999998,2020-09-30
336,6073,no hit,CA,17.975833299999998,2020-10-01
337,6073,no hit,CA,19.5595834,2020-10-02
338,6073,no hit,CA,24.922663,2020-10-03
339,6073,no hit,CA,34.2458333,2020-10-04
340,6073,no hit,CA,36.3854166,2020-10-05
341,6073,no hit,CA,33.874727666666665,2020-10-06
342,6073,no hit,CA,22.3420238,2020-10-07
343,6073,no hit,CA,16.8725,2020-10-08
344,6073,no hit,CA,15.9883278,2020-10-09
345,6073,no hit,CA,9.3241668,2020-10-10
346,6073,no hit,CA,6.3008335,2020-10-11
347,6073,no hit,CA,12.0656819,2020-10-12
348,6073,no hit,CA,15.1235119,2020-10-13
349,6073,no hit,CA,15.742083400000002,2020-10-14
350,6073,no hit,CA,16.3629167,2020-10-15
351,6073,no hit,CA,14.7191667,2020-10-16
352,6073,no hit,CA,14.0775001,2020-10-17
353,6073,no hit,CA,13.94125,2020-10-18
354,6073,no hit,CA,12.55625,2020-10-19
355,6073,no hit,CA,9.84635,2020-10-20
356,6073,no hit,CA,11.82395825,2020-10-21
357,6073,no hit,CA,13.20416675,2020-10-22
358,6073,no hit,CA,10.453440222222222,2020-10-23
359,6073,no hit,CA,7.9441666,2020-10-24
360,6073,no hit,CA,3.4762500000000003,2020-10-25
361,6073,no hit,CA,9.6465657,2020-10-26
362,6073,no hit,CA,13.2810326,2020-10-27
363,6073,no hit,CA,17.7620833,2020-10-28
364,6073,no hit,CA,17.2286905,2020-10-29
365,6073,no hit,CA,15.2429166,2020-10-30
366,6073,no hit,CA,16.948333400000003,2020-10-31
367,6059,no hit,CA,12.3,2020-08-01
368,6059,no hit,CA,6.9,2020-08-07
369,6059,no hit,CA,10.2,2020-08-13
370,6059,no hit,CA,10.9,2020-08-19
371,6059,no hit,CA,10.2,2020-08-25
372,6059,no hit,CA,8.4,2020-08-31
373,6059,no hit,CA,22.6,2020-09-06
374,6059,no hit,CA,40.6,2020-09-12
375,6059,no hit,CA,17.7,2020-09-18
376,6059,no hit,CA,11.3,2020-09-24
377,6059,no hit,CA,14.4,2020-09-30
378,6059,no hit,CA,14.6,2020-10-12
379,6059,no hit,CA,15.1,2020-10-18
380,6059,no hit,CA,9.5,2020-10-24
381,6041,no hit,CA,1.7,2020-08-01
382,6041,no hit,CA,5.9,2020-08-04
383,6041,no hit,CA,8.4,2020-08-07
384,6041,no hit,CA,3.5,2020-08-10
385,6041,no hit,CA,10.4,2020-08-13
386,6041,no hit,CA,6.9,2020-08-16
387,6041,no hit,CA,5.5,2020-08-19
388,6041,no hit,CA,5.8,2020-08-22
389,6041,no hit,CA,5.8,2020-08-25
390,6041,no hit,CA,3.5,2020-08-28
391,6041,no hit,CA,25.3,2020-08-31
392,6041,no hit,CA,3.8,2020-09-03
393,6041,no hit,CA,18.2,2020-09-06
394,6041,no hit,CA,13.9,2020-09-15
395,6041,no hit,CA,3.4,2020-09-18
396,6041,no hit,CA,7.5,2020-09-21
397,6041,no hit,CA,4.0,2020-09-24
398,6041,no hit,CA,16.0,2020-09-27
399,6041,no hit,CA,13.3,2020-09-30
400,6041,no hit,CA,6.7,2020-10-03
401,6041,no hit,CA,10.3,2020-10-06
402,6041,no hit,CA,0.1,2020-10-09
403,6041,no hit,CA,6.4,2020-10-12
404,6041,no hit,CA,12.1,2020-10-15
405,6041,no hit,CA,9.8,2020-10-18
406,6041,no hit,CA,10.7,2020-10-21
407,6041,no hit,CA,5.7,2020-10-24
408,6041,no hit,CA,6.9,2020-10-27
409,6041,no hit,CA,5.6,2020-10-30
410,6089,no hit,CA,2.8,2020-08-01
411,6089,no hit,CA,5.5,2020-08-04
412,6089,no hit,CA,2.7,2020-08-07
413,6089,no hit,CA,25.3,2020-08-19
414,6089,no hit,CA,51.9,2020-08-22
415,6089,no hit,CA,48.5,2020-08-25
416,6089,no hit,CA,16.7,2020-08-28
417,6089,no hit,CA,4.3,2020-08-31
418,6089,no hit,CA,15.9,2020-09-03
419,6089,no hit,CA,20.7,2020-09-06
420,6089,no hit,CA,84.5,2020-09-12
421,6089,no hit,CA,30.6,2020-09-15
422,6089,no hit,CA,6.8,2020-09-18
423,6089,no hit,CA,47.3,2020-09-21
424,6089,no hit,CA,17.4,2020-09-24
425,6089,no hit,CA,1.8,2020-09-27
426,6089,no hit,CA,42.0,2020-09-30
427,6089,no hit,CA,16.8,2020-10-03
428,6089,no hit,CA,9.7,2020-10-06
429,6089,no hit,CA,7.4,2020-10-09
430,6089,no hit,CA,0.6,2020-10-12
431,6089,no hit,CA,0.8,2020-10-18
432,6089,no hit,CA,0.6,2020-10-21
433,6089,no hit,CA,2.7,2020-10-24
434,6089,no hit,CA,3.1,2020-10-30
435,53033,hit,WA,4.352272727272728,2020-08-01
436,53033,hit,WA,4.4720833,2020-08-02
437,53033,hit,WA,4.4823188,2020-08-03
438,53033,hit,WA,5.815909090909091,2020-08-04
439,53033,hit,WA,6.673677499999999,2020-08-05
440,53033,hit,WA,3.4887500000000005,2020-08-06
441,53033,hit,WA,5.176894090909091,2020-08-07
442,53033,hit,WA,5.1858333000000005,2020-08-08
443,53033,hit,WA,4.80375,2020-08-09
444,53033,hit,WA,4.4731060909090905,2020-08-10
445,53033,hit,WA,6.0266667,2020-08-11
446,53033,hit,WA,6.8125,2020-08-12
447,53033,hit,WA,7.847348454545454,2020-08-13
448,53033,hit,WA,9.1099999,2020-08-14
449,53033,hit,WA,9.3991667,2020-08-15
450,53033,hit,WA,10.370454545454546,2020-08-16
451,53033,hit,WA,5.5621014,2020-08-17
452,53033,hit,WA,4.4095833,2020-08-18
453,53033,hit,WA,4.531818181818182,2020-08-19
454,53033,hit,WA,3.0316667,2020-08-20
455,53033,hit,WA,2.9445834,2020-08-21
456,53033,hit,WA,4.433712,2020-08-22
457,53033,hit,WA,5.7045832,2020-08-23
458,53033,hit,WA,5.3,2020-08-24
459,53033,hit,WA,5.379545454545454,2020-08-25
460,53033,hit,WA,4.7266667,2020-08-26
461,53033,hit,WA,4.252083300000001,2020-08-27
462,53033,hit,WA,3.544318181818181,2020-08-28
463,53033,hit,WA,5.0458334,2020-08-29
464,53033,hit,WA,5.559583399999999,2020-08-30
465,53033,hit,WA,3.625779727272728,2020-08-31
466,53033,hit,WA,3.29791675,2020-09-01
467,53033,hit,WA,2.75260425,2020-09-02
468,53033,hit,WA,3.0875000000000004,2020-09-03
469,53033,hit,WA,4.74166675,2020-09-04
470,53033,hit,WA,10.95104175,2020-09-05
471,53033,hit,WA,8.17375,2020-09-06
472,53033,hit,WA,16.3334375,2020-09-07
473,53033,hit,WA,37.892708375,2020-09-08
474,53033,hit,WA,29.412037,2020-09-09
475,53033,hit,WA,30.383333375,2020-09-10
476,53033,hit,WA,130.5765625,2020-09-11
477,53033,hit,WA,152.9087962222222,2020-09-12
478,53033,hit,WA,160.040625,2020-09-13
479,53033,hit,WA,176.65012077777777,2020-09-14
480,53033,hit,WA,133.6745455,2020-09-15
481,53033,hit,WA,90.5875,2020-09-16
482,53033,hit,WA,70.83916669999999,2020-09-17
483,53033,hit,WA,44.65208333333334,2020-09-18
484,53033,hit,WA,3.8129167,2020-09-19
485,53033,hit,WA,3.3245834000000003,2020-09-20
486,53033,hit,WA,4.904166727272727,2020-09-21
487,53033,hit,WA,3.9662499,2020-09-22
488,53033,hit,WA,3.4379167,2020-09-23
489,53033,hit,WA,4.513541583333333,2020-09-24
490,53033,hit,WA,3.4066667,2020-09-25
491,53033,hit,WA,3.69,2020-09-26
492,53033,hit,WA,4.398106090909091,2020-09-27
493,53033,hit,WA,4.484219,2020-09-28
494,53033,hit,WA,5.926743625,2020-09-29
495,53033,hit,WA,10.2431704,2020-09-30
496,53033,hit,WA,15.3609375,2020-10-01
497,53033,hit,WA,18.13125,2020-10-02
498,53033,hit,WA,18.841666666666665,2020-10-03
499,53033,hit,WA,10.803125,2020-10-04
500,53033,hit,WA,11.58177075,2020-10-05
501,53033,hit,WA,12.1466667,2020-10-06
502,53033,hit,WA,13.740104125,2020-10-07
503,53033,hit,WA,5.716145875,2020-10-08
504,53033,hit,WA,4.904166666666667,2020-10-09
505,53033,hit,WA,3.116145875,2020-10-10
506,53033,hit,WA,3.325000125,2020-10-11
507,53033,hit,WA,4.6709963000000005,2020-10-12
508,53033,hit,WA,4.715625125,2020-10-13
509,53033,hit,WA,4.2484375,2020-10-14
510,53033,hit,WA,6.247222222222222,2020-10-15
511,53033,hit,WA,4.13125,2020-10-16
512,53033,hit,WA,5.965625,2020-10-17
513,53033,hit,WA,3.5300001,2020-10-18
514,53033,hit,WA,3.340104125,2020-10-19
515,53033,hit,WA,6.646875,2020-10-20
516,53033,hit,WA,6.79114575,2020-10-21
517,53033,hit,WA,7.925000125,2020-10-22
518,53033,hit,WA,6.144791625,2020-10-23
519,53033,hit,WA,5.8545834,2020-10-24
520,53033,hit,WA,10.25,2020-10-25
521,53033,hit,WA,9.732053222222223,2020-10-26
522,53033,hit,WA,8.889772818181818,2020-10-27
523,53033,hit,WA,7.2745834,2020-10-28
524,53033,hit,WA,6.8620834,2020-10-29
525,53033,hit,WA,5.347222250000001,2020-10-30
526,53033,hit,WA,8.1091667,2020-10-31
527,53061,no hit,WA,0.8270835000000001,2020-08-01
528,53061,no hit,WA,1.01875,2020-08-02
529,53061,no hit,WA,1.3083335,2020-08-03
530,53061,no hit,WA,1.21875,2020-08-04
531,53061,no hit,WA,1.0208335,2020-08-05
532,53061,no hit,WA,4.43125,2020-08-06
533,53061,no hit,WA,1.5270835,2020-08-07
534,53061,no hit,WA,1.3375,2020-08-08
535,53061,no hit,WA,1.0,2020-08-09
536,53061,no hit,WA,0.8208335,2020-08-10
537,53061,no hit,WA,1.6238095,2020-08-11
538,53061,no hit,WA,2.5416665,2020-08-12
539,53061,no hit,WA,2.5375,2020-08-13
540,53061,no hit,WA,3.3083335,2020-08-14
541,53061,no hit,WA,3.3229165,2020-08-15
542,53061,no hit,WA,2.9416665,2020-08-16
543,53061,no hit,WA,1.6229165,2020-08-17
544,53061,no hit,WA,0.71875,2020-08-18
545,53061,no hit,WA,0.7,2020-08-19
546,53061,no hit,WA,0.5104165,2020-08-20
547,53061,no hit,WA,0.3125,2020-08-21
548,53061,no hit,WA,1.4333334999999998,2020-08-22
549,53061,no hit,WA,1.4083335,2020-08-23
550,53061,no hit,WA,1.51875,2020-08-24
551,53061,no hit,WA,1.3166665000000002,2020-08-25
552,53061,no hit,WA,1.2291664999999998,2020-08-26
553,53061,no hit,WA,1.0229165,2020-08-27
554,53061,no hit,WA,0.4145835,2020-08-28
555,53061,no hit,WA,1.3479165000000002,2020-08-29
556,53061,no hit,WA,1.7062499999999998,2020-08-30
557,53061,no hit,WA,0.9104165,2020-08-31
558,53061,no hit,WA,0.63125,2020-09-01
559,53061,no hit,WA,0.4,2020-09-02
560,53061,no hit,WA,0.63125,2020-09-03
561,53061,no hit,WA,0.9020835,2020-09-04
562,53061,no hit,WA,4.2041665,2020-09-05
563,53061,no hit,WA,2.6125,2020-09-06
564,53061,no hit,WA,4.4104165,2020-09-07
565,53061,no hit,WA,20.0125,2020-09-08
566,53061,no hit,WA,12.9083335,2020-09-09
567,53061,no hit,WA,15.925,2020-09-10
568,53061,no hit,WA,59.3229165,2020-09-11
569,53061,no hit,WA,86.0479165,2020-09-12
570,53061,no hit,WA,86.6208335,2020-09-13
571,53061,no hit,WA,99.1152175,2020-09-14
572,53061,no hit,WA,80.33333350000001,2020-09-15
573,53061,no hit,WA,45.5166665,2020-09-16
574,53061,no hit,WA,29.5083335,2020-09-17
575,53061,no hit,WA,20.3270835,2020-09-18
576,53061,no hit,WA,2.5416665,2020-09-19
577,53061,no hit,WA,1.0354165,2020-09-20
578,53061,no hit,WA,1.1104165,2020-09-21
579,53061,no hit,WA,0.7270835,2020-09-22
580,53061,no hit,WA,0.51,2020-09-23
581,53061,no hit,WA,0.8291665,2020-09-24
582,53061,no hit,WA,2.3375,2020-09-25
583,53061,no hit,WA,0.8,2020-09-26
584,53061,no hit,WA,0.925,2020-09-27
585,53061,no hit,WA,0.8125,2020-09-28
586,53061,no hit,WA,1.01875,2020-09-29
587,53061,no hit,WA,1.3041665,2020-09-30
588,53061,no hit,WA,3.8395835,2020-10-01
589,53061,no hit,WA,4.9479165,2020-10-02
590,53061,no hit,WA,5.34375,2020-10-03
591,53061,no hit,WA,3.0229165,2020-10-04
592,53061,no hit,WA,3.6,2020-10-05
593,53061,no hit,WA,2.94375,2020-10-06
594,53061,no hit,WA,3.60625,2020-10-07
595,53061,no hit,WA,1.30625,2020-10-08
596,53061,no hit,WA,0.8020835,2020-10-09
597,53061,no hit,WA,1.4166664999999998,2020-10-10
598,53061,no hit,WA,0.8145835,2020-10-11
599,53061,no hit,WA,0.6458335,2020-10-12
600,53061,no hit,WA,0.5395835,2020-10-13
601,53061,no hit,WA,0.68,2020-10-14
602,53061,no hit,WA,2.735714,2020-10-15
603,53061,no hit,WA,1.4354165,2020-10-16
604,53061,no hit,WA,1.8354165,2020-10-17
605,53061,no hit,WA,0.80625,2020-10-18
606,53061,no hit,WA,1.3354165,2020-10-19
607,53061,no hit,WA,1.9020835,2020-10-20
608,53061,no hit,WA,1.8291665,2020-10-21
609,53061,no hit,WA,2.9145835,2020-10-22
610,53061,no hit,WA,1.7062499999999998,2020-10-23
611,53061,no hit,WA,3.00625,2020-10-24
612,53061,no hit,WA,4.7291665,2020-10-25
613,53061,no hit,WA,5.61875,2020-10-26
614,53061,no hit,WA,5.4083335,2020-10-27
615,53061,no hit,WA,3.7354165,2020-10-28
616,53061,no hit,WA,3.2291665,2020-10-29
617,53061,no hit,WA,1.9354165,2020-10-30
618,53061,no hit,WA,3.4166665,2020-10-31
619,53063,hit,WA,7.1041665,2020-08-01
620,53063,hit,WA,4.6,2020-08-02
621,53063,hit,WA,4.5,2020-08-03
622,53063,hit,WA,8.122916499999999,2020-08-04
623,53063,hit,WA,8.227083499999999,2020-08-05
624,53063,hit,WA,5.8,2020-08-06
625,53063,hit,WA,2.6145835,2020-08-07
626,53063,hit,WA,3.2104165,2020-08-08
627,53063,hit,WA,3.01875,2020-08-09
628,53063,hit,WA,4.4,2020-08-10
629,53063,hit,WA,4.6145835,2020-08-11
630,53063,hit,WA,4.7125,2020-08-12
631,53063,hit,WA,8.2041665,2020-08-13
632,53063,hit,WA,8.8020835,2020-08-14
633,53063,hit,WA,7.4145835,2020-08-15
634,53063,hit,WA,6.8083335,2020-08-16
635,53063,hit,WA,6.8,2020-08-17
636,53063,hit,WA,7.0083335,2020-08-18
637,53063,hit,WA,5.1166665,2020-08-19
638,53063,hit,WA,4.24375,2020-08-20
639,53063,hit,WA,5.125,2020-08-21
640,53063,hit,WA,3.31875,2020-08-22
641,53063,hit,WA,6.237500000000001,2020-08-23
642,53063,hit,WA,11.7041665,2020-08-24
643,53063,hit,WA,9.7020835,2020-08-25
644,53063,hit,WA,6.4145835,2020-08-26
645,53063,hit,WA,5.83125,2020-08-27
646,53063,hit,WA,5.5041665,2020-08-28
647,53063,hit,WA,4.4458335,2020-08-29
648,53063,hit,WA,2.10625,2020-08-30
649,53063,hit,WA,2.53125,2020-08-31
650,53063,hit,WA,7.9375,2020-09-01
651,53063,hit,WA,3.2041665000000004,2020-09-02
652,53063,hit,WA,4.41875,2020-09-03
653,53063,hit,WA,5.1416665,2020-09-04
654,53063,hit,WA,13.1,2020-09-05
655,53063,hit,WA,7.9270835,2020-09-06
656,53063,hit,WA,2.6458335,2020-09-07
657,53063,hit,WA,7.533333499999999,2020-09-08
658,53063,hit,WA,12.1229165,2020-09-09
659,53063,hit,WA,10.1083335,2020-09-10
660,53063,hit,WA,22.3041665,2020-09-11
661,53063,hit,WA,317.7270835,2020-09-12
662,53063,hit,WA,468.6333335000001,2020-09-13
663,53063,hit,WA,357.54791650000004,2020-09-14
664,53063,hit,WA,264.50625,2020-09-15
665,53063,hit,WA,165.0375,2020-09-16
666,53063,hit,WA,92.3083335,2020-09-17
667,53063,hit,WA,147.3125,2020-09-18
668,53063,hit,WA,23.40625,2020-09-19
669,53063,hit,WA,5.9020835,2020-09-20
670,53063,hit,WA,8.125,2020-09-21
671,53063,hit,WA,11.9354165,2020-09-22
672,53063,hit,WA,14.4458335,2020-09-23
673,53063,hit,WA,2.8104165,2020-09-24
674,53063,hit,WA,3.3291665,2020-09-25
675,53063,hit,WA,2.31875,2020-09-26
676,53063,hit,WA,3.4354165,2020-09-27
677,53063,hit,WA,4.3083335,2020-09-28
678,53063,hit,WA,5.2166665000000005,2020-09-29
679,53063,hit,WA,6.2020835000000005,2020-09-30
680,53063,hit,WA,7.0166665,2020-10-01
681,53063,hit,WA,8.5354165,2020-10-02
682,53063,hit,WA,14.90625,2020-10-03
683,53063,hit,WA,12.822916500000002,2020-10-04
684,53063,hit,WA,10.6083335,2020-10-05
685,53063,hit,WA,10.2125,2020-10-06
686,53063,hit,WA,10.0,2020-10-07
687,53063,hit,WA,9.7458335,2020-10-08
688,53063,hit,WA,6.8145835,2020-10-09
689,53063,hit,WA,7.314583499999999,2020-10-10
690,53063,hit,WA,2.1125,2020-10-11
691,53063,hit,WA,3.3125,2020-10-12
692,53063,hit,WA,2.7458335,2020-10-13
693,53063,hit,WA,2.9458335,2020-10-14
694,53063,hit,WA,2.53125,2020-10-15
695,53063,hit,WA,2.7041665000000004,2020-10-16
696,53063,hit,WA,3.5229165,2020-10-17
697,53063,hit,WA,7.706250000000001,2020-10-18
698,53063,hit,WA,5.3395835,2020-10-19
699,53063,hit,WA,3.4208335,2020-10-20
700,53063,hit,WA,5.4,2020-10-21
701,53063,hit,WA,12.0125,2020-10-22
702,53063,hit,WA,15.2166665,2020-10-23
703,53063,hit,WA,5.9104165,2020-10-24
704,53063,hit,WA,7.814583499999999,2020-10-25
705,53063,hit,WA,8.622916499999999,2020-10-26
706,53063,hit,WA,13.1083335,2020-10-27
707,53063,hit,WA,14.625,2020-10-28
708,53063,hit,WA,15.0208335,2020-10-29
709,53063,hit,WA,8.5416665,2020-10-30
710,53063,hit,WA,10.5458335,2020-10-31
711,53073,no hit,WA,4.1,2020-08-01
712,53073,no hit,WA,4.0,2020-08-04
713,53073,no hit,WA,2.4,2020-08-07
714,53073,no hit,WA,2.4,2020-08-10
715,53073,no hit,WA,4.9,2020-08-13
716,53073,no hit,WA,3.9,2020-08-16
717,53073,no hit,WA,3.1,2020-08-19
718,53073,no hit,WA,1.2,2020-08-22
719,53073,no hit,WA,2.7,2020-08-25
720,53073,no hit,WA,2.0,2020-08-28
721,53073,no hit,WA,1.3,2020-08-31
722,53073,no hit,WA,1.0,2020-09-03
723,53073,no hit,WA,4.1,2020-09-06
724,53073,no hit,WA,5.9,2020-09-09
725,53073,no hit,WA,86.1,2020-09-12
726,53073,no hit,WA,40.8,2020-09-15
727,53073,no hit,WA,49.8,2020-09-18
728,53073,no hit,WA,1.4,2020-09-21
729,53073,no hit,WA,0.5,2020-09-24
730,53073,no hit,WA,0.0,2020-09-27
731,53073,no hit,WA,2.2,2020-09-30
732,53073,no hit,WA,18.4,2020-10-03
733,53073,no hit,WA,2.0,2020-10-06
734,53073,no hit,WA,1.3,2020-10-09
735,53073,no hit,WA,0.4,2020-10-12
736,53073,no hit,WA,1.0,2020-10-15
737,53073,no hit,WA,0.3,2020-10-18
738,53073,no hit,WA,0.6,2020-10-21
739,53073,no hit,WA,3.5,2020-10-24
740,53073,no hit,WA,0.9,2020-10-27
741,53073,no hit,WA,1.9,2020-10-30
742,53011,hit,WA,2.9208335,2020-08-01
743,53011,hit,WA,2.3104165,2020-08-02
744,53011,hit,WA,3.2354165000000004,2020-08-03
745,53011,hit,WA,5.0041665,2020-08-04
746,53011,hit,WA,5.1479165,2020-08-05
747,53011,hit,WA,2.23125,2020-08-06
748,53011,hit,WA,2.8020835,2020-08-07
749,53011,hit,WA,2.7333335,2020-08-08
750,53011,hit,WA,2.2333335,2020-08-09
751,53011,hit,WA,2.3,2020-08-10
752,53011,hit,WA,3.5270835,2020-08-11
753,53011,hit,WA,4.53125,2020-08-12
754,53011,hit,WA,5.3125,2020-08-13
755,53011,hit,WA,6.1,2020-08-14
756,53011,hit,WA,5.1229165,2020-08-15
757,53011,hit,WA,6.94375,2020-08-16
758,53011,hit,WA,6.7020835000000005,2020-08-17
759,53011,hit,WA,4.5291665000000005,2020-08-18
760,53011,hit,WA,2.6104165000000004,2020-08-19
761,53011,hit,WA,1.4270835,2020-08-20
762,53011,hit,WA,1.33125,2020-08-21
763,53011,hit,WA,1.7041665,2020-08-22
764,53011,hit,WA,3.3208335,2020-08-23
765,53011,hit,WA,3.525,2020-08-24
766,53011,hit,WA,3.3391305,2020-08-25
767,53011,hit,WA,3.3270835,2020-08-26
768,53011,hit,WA,2.9125,2020-08-27
769,53011,hit,WA,2.8375,2020-08-28
770,53011,hit,WA,2.7291665,2020-08-29
771,53011,hit,WA,2.9270835,2020-08-30
772,53011,hit,WA,1.7479165,2020-08-31
773,53011,hit,WA,2.90625,2020-09-01
774,53011,hit,WA,2.4125,2020-09-02
775,53011,hit,WA,1.625,2020-09-03
776,53011,hit,WA,4.53125,2020-09-04
777,53011,hit,WA,8.34375,2020-09-05
778,53011,hit,WA,5.51875,2020-09-06
779,53011,hit,WA,21.711905,2020-09-07
780,53011,hit,WA,3.011111,2020-09-08
781,53011,hit,WA,13.2375,2020-09-09
782,53011,hit,WA,58.3020835,2020-09-10
783,53011,hit,WA,177.1229165,2020-09-11
784,53011,hit,WA,251.4,2020-09-12
785,53011,hit,WA,298.7333335,2020-09-13
786,53011,hit,WA,235.55,2020-09-14
787,53011,hit,WA,4.08,2020-10-14
788,53011,hit,WA,4.6145835,2020-10-15
789,53011,hit,WA,6.9104165,2020-10-16
790,53011,hit,WA,5.0458335000000005,2020-10-17
791,53011,hit,WA,6.2291665,2020-10-18
792,53011,hit,WA,2.3145835,2020-10-19
793,53011,hit,WA,3.1458335,2020-10-20
794,53011,hit,WA,2.73125,2020-10-21
795,53011,hit,WA,6.3479165,2020-10-22
796,53011,hit,WA,8.002083500000001,2020-10-23
797,53011,hit,WA,4.7125,2020-10-24
798,53011,hit,WA,5.324999999999999,2020-10-25
799,53011,hit,WA,10.0270835,2020-10-26
800,53011,hit,WA,16.01875,2020-10-27
801,53011,hit,WA,14.9083335,2020-10-28
802,53011,hit,WA,11.2270835,2020-10-29
803,53011,hit,WA,7.720833499999999,2020-10-30
804,53011,hit,WA,11.3041665,2020-10-31
897,53067,hit,WA,2.1145835,2020-08-01
898,53067,hit,WA,2.625,2020-08-02
899,53067,hit,WA,3.2125000000000004,2020-08-03
900,53067,hit,WA,5.1479165,2020-08-04
901,53067,hit,WA,3.73125,2020-08-05
902,53067,hit,WA,2.44375,2020-08-06
903,53067,hit,WA,3.1375,2020-08-07
904,53067,hit,WA,2.8333335,2020-08-08
905,53067,hit,WA,3.7458335,2020-08-09
906,53067,hit,WA,3.4354165,2020-08-10
907,53067,hit,WA,4.2395835,2020-08-11
908,53067,hit,WA,5.01875,2020-08-12
909,53067,hit,WA,5.7395835,2020-08-13
910,53067,hit,WA,6.90625,2020-08-14
911,53067,hit,WA,6.6104165,2020-08-15
912,53067,hit,WA,7.0229165,2020-08-16
913,53067,hit,WA,3.6020835,2020-08-17
914,53067,hit,WA,2.5291665,2020-08-18
915,53067,hit,WA,2.1416665000000004,2020-08-19
916,53067,hit,WA,1.9104165,2020-08-20
917,53067,hit,WA,2.1375,2020-08-21
918,53067,hit,WA,2.825,2020-08-22
919,53067,hit,WA,3.7375,2020-08-23
920,53067,hit,WA,3.925,2020-08-24
921,53067,hit,WA,4.0083335,2020-08-25
922,53067,hit,WA,4.41875,2020-08-26
923,53067,hit,WA,3.7,2020-08-27
924,53067,hit,WA,3.0145835,2020-08-28
925,53067,hit,WA,3.225,2020-08-29
926,53067,hit,WA,3.53125,2020-08-30
927,53067,hit,WA,3.225,2020-08-31
928,53067,hit,WA,3.1291665,2020-09-01
929,53067,hit,WA,2.6187500000000004,2020-09-02
930,53067,hit,WA,2.1479165,2020-09-03
931,53067,hit,WA,5.0333335,2020-09-04
932,53067,hit,WA,8.7020835,2020-09-05
933,53067,hit,WA,6.7395835,2020-09-06
934,53067,hit,WA,20.6125,2020-09-07
935,53067,hit,WA,25.1416665,2020-09-08
936,53067,hit,WA,27.8229165,2020-09-09
937,53067,hit,WA,26.9166665,2020-09-10
938,53067,hit,WA,124.4125,2020-09-11
939,53067,hit,WA,144.5166665,2020-09-12
940,53067,hit,WA,162.50625,2020-09-13
941,53067,hit,WA,166.5166665,2020-09-14
942,53067,hit,WA,151.31521750000002,2020-09-15
943,53067,hit,WA,109.8,2020-09-16
944,53067,hit,WA,63.6020835,2020-09-17
945,53067,hit,WA,33.2395835,2020-09-18
946,53067,hit,WA,2.3354165,2020-09-19
947,53067,hit,WA,2.9208335,2020-09-20
948,53067,hit,WA,3.5375,2020-09-21
949,53067,hit,WA,2.325,2020-09-22
950,53067,hit,WA,2.23125,2020-09-23
951,53067,hit,WA,3.0416665,2020-09-24
952,53067,hit,WA,2.026087,2020-09-25
953,53067,hit,WA,1.9104165,2020-09-26
954,53067,hit,WA,2.7479165,2020-09-27
955,53067,hit,WA,3.345652,2020-09-28
956,53067,hit,WA,4.8208335,2020-09-29
957,53067,hit,WA,8.83125,2020-09-30
958,53067,hit,WA,10.2354165,2020-10-01
959,53067,hit,WA,13.9208335,2020-10-02
960,53067,hit,WA,9.6145835,2020-10-03
961,53067,hit,WA,7.9354165,2020-10-04
962,53067,hit,WA,8.6104165,2020-10-05
963,53067,hit,WA,9.4208335,2020-10-06
964,53067,hit,WA,10.41875,2020-10-07
965,53067,hit,WA,2.8020835,2020-10-08
966,53067,hit,WA,3.9458335,2020-10-09
967,53067,hit,WA,1.94375,2020-10-10
968,53067,hit,WA,1.81875,2020-10-11
969,53067,hit,WA,3.00625,2020-10-12
970,53067,hit,WA,3.3354165,2020-10-13
971,53067,hit,WA,3.2229165,2020-10-14
972,53067,hit,WA,5.9416665,2020-10-15
973,53067,hit,WA,2.825,2020-10-16
974,53067,hit,WA,3.4416665,2020-10-17
975,53067,hit,WA,1.9,2020-10-18
976,53067,hit,WA,2.6395835,2020-10-19
977,53067,hit,WA,6.5125,2020-10-20
978,53067,hit,WA,4.0270835,2020-10-21
979,53067,hit,WA,7.3208335,2020-10-22
980,53067,hit,WA,4.5333335,2020-10-23
981,53067,hit,WA,3.51875,2020-10-24
982,53067,hit,WA,12.8333335,2020-10-25
983,53067,hit,WA,13.7125,2020-10-26
984,53067,hit,WA,9.83125,2020-10-27
985,53067,hit,WA,6.6125,2020-10-28
986,53067,hit,WA,5.2125,2020-10-29
987,53067,hit,WA,5.4,2020-10-30
988,53067,hit,WA,10.3375,2020-10-31
1081,53077,hit,WA,10.13125,2020-08-01
1082,53077,hit,WA,7.025,2020-08-02
1083,53077,hit,WA,7.5434785,2020-08-03
1084,53077,hit,WA,12.5479165,2020-08-04
1085,53077,hit,WA,12.91875,2020-08-05
1086,53077,hit,WA,9.5479165,2020-08-06
1087,53077,hit,WA,6.21875,2020-08-07
1088,53077,hit,WA,8.1395835,2020-08-08
1089,53077,hit,WA,5.2229165,2020-08-09
1090,53077,hit,WA,7.3020835,2020-08-10
1091,53077,hit,WA,10.9020835,2020-08-11
1092,53077,hit,WA,10.64375,2020-08-12
1093,53077,hit,WA,15.43125,2020-08-13
1094,53077,hit,WA,12.304348,2020-08-14
1095,53077,hit,WA,9.7166665,2020-08-15
1096,53077,hit,WA,10.3270835,2020-08-16
1097,53077,hit,WA,16.423913,2020-08-17
1098,53077,hit,WA,11.6395835,2020-08-18
1099,53077,hit,WA,6.9145835,2020-08-19
1100,53077,hit,WA,6.71875,2020-08-20
1101,53077,hit,WA,6.4416665,2020-08-21
1102,53077,hit,WA,4.0229165,2020-08-22
1103,53077,hit,WA,8.3125,2020-08-23
1104,53077,hit,WA,11.7041665,2020-08-24
1105,53077,hit,WA,8.039583499999999,2020-08-25
1106,53077,hit,WA,9.7458335,2020-08-26
1107,53077,hit,WA,10.0291665,2020-08-27
1108,53077,hit,WA,18.9291665,2020-08-28
1109,53077,hit,WA,15.3375,2020-08-29
1110,53077,hit,WA,5.33125,2020-08-30
1111,53077,hit,WA,4.123913,2020-08-31
1112,53077,hit,WA,19.73125,2020-09-01
1113,53077,hit,WA,41.3104165,2020-09-02
1114,53077,hit,WA,43.5375,2020-09-03
1115,53077,hit,WA,46.0166665,2020-09-04
1116,53077,hit,WA,25.7395835,2020-09-05
1117,53077,hit,WA,15.4208335,2020-09-06
1118,53077,hit,WA,58.010416500000005,2020-09-07
1119,53077,hit,WA,11.2020835,2020-09-08
1120,53077,hit,WA,52.4125,2020-09-09
1121,53077,hit,WA,54.50625,2020-09-10
1122,53077,hit,WA,158.8416665,2020-09-11
1123,53077,hit,WA,337.2458335,2020-09-12
1124,53077,hit,WA,309.13125,2020-09-13
1125,53077,hit,WA,396.7434785,2020-09-14
1126,53077,hit,WA,335.14166650000004,2020-09-15
1127,53077,hit,WA,208.725,2020-09-16
1128,53077,hit,WA,166.7354165,2020-09-17
1129,53077,hit,WA,118.13125,2020-09-18
1130,53077,hit,WA,19.5333335,2020-09-19
1131,53077,hit,WA,8.529166499999999,2020-09-20
1132,53077,hit,WA,17.2020835,2020-09-21
1133,53077,hit,WA,17.8,2020-09-22
1134,53077,hit,WA,16.2391305,2020-09-23
1135,53077,hit,WA,4.915217500000001,2020-09-24
1136,53077,hit,WA,5.7125,2020-09-25
1137,53077,hit,WA,3.7208335,2020-09-26
1138,53077,hit,WA,5.0229165,2020-09-27
1139,53077,hit,WA,9.743478499999998,2020-09-28
1140,53077,hit,WA,12.1354165,2020-09-29
1141,53077,hit,WA,13.1416665,2020-09-30
1142,53077,hit,WA,14.7166665,2020-10-01
1143,53077,hit,WA,17.4,2020-10-02
1144,53077,hit,WA,19.7020835,2020-10-03
1145,53077,hit,WA,16.84375,2020-10-04
1146,53077,hit,WA,18.7375,2020-10-05
1147,53077,hit,WA,15.208333499999998,2020-10-06
1148,53077,hit,WA,11.9395835,2020-10-07
1149,53077,hit,WA,11.144444333333333,2020-10-08
1150,53077,hit,WA,6.76354175,2020-10-09
1151,53077,hit,WA,2.8291665,2020-10-10
1152,53077,hit,WA,1.37708325,2020-10-11
1153,53077,hit,WA,3.3826540000000005,2020-10-12
1154,53077,hit,WA,4.37321425,2020-10-13
1155,53077,hit,WA,2.684375,2020-10-14
1156,53077,hit,WA,5.6864585,2020-10-15
1157,53077,hit,WA,4.60729175,2020-10-16
1158,53077,hit,WA,3.42291675,2020-10-17
1159,53077,hit,WA,3.690625,2020-10-18
1160,53077,hit,WA,2.0135415,2020-10-19
1161,53077,hit,WA,4.73541675,2020-10-20
1162,53077,hit,WA,5.016666750000001,2020-10-21
1163,53077,hit,WA,6.97291675,2020-10-22
1164,53077,hit,WA,15.81979175,2020-10-23
1165,53077,hit,WA,7.5270835,2020-10-24
1166,53077,hit,WA,13.31979175,2020-10-25
1167,53077,hit,WA,17.177944,2020-10-26
1168,53077,hit,WA,20.81145825,2020-10-27
1169,53077,hit,WA,23.465625,2020-10-28
1170,53077,hit,WA,20.68645825,2020-10-29
1171,53077,hit,WA,8.217708250000001,2020-10-30
1172,53077,hit,WA,10.128125,2020-10-31
1187,41051,hit,OR,3.57916675,2020-08-01
1188,41051,hit,OR,3.4895835,2020-08-02
1189,41051,hit,OR,4.27604175,2020-08-03
1190,41051,hit,OR,6.6729165,2020-08-04
1191,41051,hit,OR,5.565625000000001,2020-08-05
1192,41051,hit,OR,3.38333325,2020-08-06
1193,41051,hit,OR,5.03020825,2020-08-07
1194,41051,hit,OR,3.6229165,2020-08-08
1195,41051,hit,OR,3.48020825,2020-08-09
1196,41051,hit,OR,3.584375,2020-08-10
1197,41051,hit,OR,5.987500000000001,2020-08-11
1198,41051,hit,OR,5.775,2020-08-12
1199,41051,hit,OR,6.7784875,2020-08-13
1200,41051,hit,OR,8.18958325,2020-08-14
1201,41051,hit,OR,7.4645835,2020-08-15
1202,41051,hit,OR,11.23125,2020-08-16
1203,41051,hit,OR,7.92291675,2020-08-17
1204,41051,hit,OR,4.0697915,2020-08-18
1205,41051,hit,OR,3.62395825,2020-08-19
1206,41051,hit,OR,2.11979175,2020-08-20
1207,41051,hit,OR,2.3583332500000003,2020-08-21
1208,41051,hit,OR,3.91770825,2020-08-22
1209,41051,hit,OR,4.3458335,2020-08-23
1210,41051,hit,OR,4.70520825,2020-08-24
1211,41051,hit,OR,4.72291675,2020-08-25
1212,41051,hit,OR,4.796875,2020-08-26
1213,41051,hit,OR,4.25104175,2020-08-27
1214,41051,hit,OR,3.615625,2020-08-28
1215,41051,hit,OR,3.225,2020-08-29
1216,41051,hit,OR,5.12604175,2020-08-30
1217,41051,hit,OR,3.0802085,2020-08-31
1218,41051,hit,OR,4.1083335000000005,2020-09-01
1219,41051,hit,OR,3.4197915,2020-09-02
1220,41051,hit,OR,3.37916675,2020-09-03
1221,41051,hit,OR,7.42916675,2020-09-04
1222,41051,hit,OR,9.775,2020-09-05
1223,41051,hit,OR,8.704166749999999,2020-09-06
1224,41051,hit,OR,24.93825775,2020-09-07
1225,41051,hit,OR,4.0052085,2020-09-08
1226,41051,hit,OR,17.971875,2020-09-09
1227,41051,hit,OR,152.353125,2020-09-10
1228,41051,hit,OR,210.36354175,2020-09-11
1229,41051,hit,OR,318.7322915,2020-09-12
1230,41051,hit,OR,426.8645835,2020-09-13
1231,41051,hit,OR,385.11145825,2020-09-14
1232,41051,hit,OR,240.5125,2020-09-15
1233,41051,hit,OR,248.86458325,2020-09-16
1234,41051,hit,OR,178.61979175,2020-09-17
1235,41051,hit,OR,34.32083325,2020-09-18
1236,41051,hit,OR,5.5239585,2020-09-19
1237,41051,hit,OR,6.22916675,2020-09-20
1238,41051,hit,OR,16.21666675,2020-09-21
1239,41051,hit,OR,3.1791667500000003,2020-09-22
1240,41051,hit,OR,6.10729175,2020-09-23
1241,41051,hit,OR,3.81666675,2020-09-24
1242,41051,hit,OR,3.9260415,2020-09-25
1243,41051,hit,OR,4.4833335000000005,2020-09-26
1244,41051,hit,OR,5.47083325,2020-09-27
1245,41051,hit,OR,4.265625,2020-09-28
1246,41051,hit,OR,5.521875,2020-09-29
1247,41051,hit,OR,8.5875,2020-09-30
1248,41051,hit,OR,14.55833325,2020-10-01
1249,41051,hit,OR,17.87916675,2020-10-02
1250,41051,hit,OR,16.6239585,2020-10-03
1251,41051,hit,OR,10.95208325,2020-10-04
1252,41051,hit,OR,9.421875,2020-10-05
1253,41051,hit,OR,9.209375,2020-10-06
1254,41051,hit,OR,14.97395825,2020-10-07
1255,41051,hit,OR,8.81354175,2020-10-08
1256,41051,hit,OR,8.25625,2020-10-09
1257,41051,hit,OR,3.8645835,2020-10-10
1258,41051,hit,OR,2.703125,2020-10-11
1259,41051,hit,OR,3.76875,2020-10-12
1260,41051,hit,OR,3.7770835,2020-10-13
1261,41051,hit,OR,6.26354175,2020-10-14
1262,41051,hit,OR,9.8635415,2020-10-15
1263,41051,hit,OR,11.2239585,2020-10-16
1264,41051,hit,OR,5.24583325,2020-10-17
1265,41051,hit,OR,6.48541675,2020-10-18
1266,41051,hit,OR,3.5697915,2020-10-19
1267,41051,hit,OR,4.7760415,2020-10-20
1268,41051,hit,OR,4.790625,2020-10-21
1269,41051,hit,OR,9.08333325,2020-10-22
1270,41051,hit,OR,7.678125,2020-10-23
1271,41051,hit,OR,5.234375,2020-10-24
1272,41051,hit,OR,5.11770825,2020-10-25
1273,41051,hit,OR,12.38125,2020-10-26
1274,41051,hit,OR,18.79583325,2020-10-27
1275,41051,hit,OR,15.09375,2020-10-28
1276,41051,hit,OR,14.6333335,2020-10-29
1277,41051,hit,OR,9.86041675,2020-10-30
1278,41051,hit,OR,10.75625,2020-10-31
1279,41037,no hit,OR,6.3479165,2020-08-01
1280,41037,no hit,OR,6.1291665,2020-08-02
1281,41037,no hit,OR,4.225,2020-08-03
1282,41037,no hit,OR,4.807143,2020-08-04
1283,41037,no hit,OR,5.6395835,2020-08-05
1284,41037,no hit,OR,5.2041665,2020-08-06
1285,41037,no hit,OR,2.9395835,2020-08-07
1286,41037,no hit,OR,3.10625,2020-08-08
1287,41037,no hit,OR,2.5395835,2020-08-09
1288,41037,no hit,OR,2.5229165,2020-08-10
1289,41037,no hit,OR,5.4,2020-08-11
1290,41037,no hit,OR,5.3375,2020-08-12
1291,41037,no hit,OR,5.4333335,2020-08-13
1292,41037,no hit,OR,6.9458335,2020-08-14
1293,41037,no hit,OR,5.2229165,2020-08-15
1294,41037,no hit,OR,4.8104165000000005,2020-08-16
1295,41037,no hit,OR,7.30625,2020-08-17
1296,41037,no hit,OR,13.5416665,2020-08-18
1297,41037,no hit,OR,14.81875,2020-08-19
1298,41037,no hit,OR,30.3354165,2020-08-20
1299,41037,no hit,OR,52.5458335,2020-08-21
1300,41037,no hit,OR,45.9041665,2020-08-22
1301,41037,no hit,OR,40.4083335,2020-08-23
1302,41037,no hit,OR,36.4458335,2020-08-24
1303,41037,no hit,OR,31.7041665,2020-08-25
1304,41037,no hit,OR,40.2458335,2020-08-26
1305,41037,no hit,OR,25.50625,2020-08-27
1306,41037,no hit,OR,16.4145835,2020-08-28
1307,41037,no hit,OR,22.3145835,2020-08-29
1308,41037,no hit,OR,6.1416665,2020-08-30
1309,41037,no hit,OR,13.1125,2020-08-31
1310,41037,no hit,OR,2.9166665,2020-09-01
1311,41037,no hit,OR,5.8020835,2020-09-02
1312,41037,no hit,OR,8.039583499999999,2020-09-03
1313,41037,no hit,OR,15.84375,2020-09-04
1314,41037,no hit,OR,51.2375,2020-09-05
1315,41037,no hit,OR,35.21875,2020-09-06
1316,41037,no hit,OR,26.3395835,2020-09-07
1317,41037,no hit,OR,13.60625,2020-09-08
1318,41037,no hit,OR,8.0375,2020-09-09
1319,41037,no hit,OR,18.33125,2020-09-10
1320,41037,no hit,OR,76.8166665,2020-09-11
1321,41037,no hit,OR,54.00625,2020-09-12
1322,41037,no hit,OR,45.0020835,2020-09-13
1323,41037,no hit,OR,45.6375,2020-09-14
1324,41037,no hit,OR,53.604166500000005,2020-09-15
1325,41037,no hit,OR,58.9083335,2020-09-16
1326,41037,no hit,OR,45.4125,2020-09-17
1327,41037,no hit,OR,27.6,2020-09-18
1328,41037,no hit,OR,17.8208335,2020-09-19
1329,41037,no hit,OR,13.2479165,2020-09-20
1330,41037,no hit,OR,26.7208335,2020-09-21
1331,41037,no hit,OR,31.3145835,2020-09-22
1332,41037,no hit,OR,24.80625,2020-09-23
1333,41037,no hit,OR,12.3347825,2020-09-24
1334,41037,no hit,OR,6.815909,2020-09-25
1335,41037,no hit,OR,2.2229165,2020-09-26
1336,41037,no hit,OR,2.2229165,2020-09-27
1337,41037,no hit,OR,1.9083335,2020-09-28
1338,41037,no hit,OR,2.80625,2020-09-29
1339,41037,no hit,OR,34.5291665,2020-09-30
1340,41037,no hit,OR,13.4145835,2020-10-01
1341,41037,no hit,OR,6.8333335,2020-10-02
1342,41037,no hit,OR,10.7229165,2020-10-03
1343,41037,no hit,OR,70.8395835,2020-10-04
1344,41037,no hit,OR,54.5083335,2020-10-05
1345,41037,no hit,OR,24.4020835,2020-10-06
1346,41037,no hit,OR,17.9208335,2020-10-07
1347,41037,no hit,OR,11.7,2020-10-08
1348,41037,no hit,OR,10.225,2020-10-09
1349,41037,no hit,OR,7.125,2020-10-10
1350,41037,no hit,OR,2.4166665,2020-10-11
1351,41037,no hit,OR,2.6187500000000004,2020-10-12
1352,41037,no hit,OR,2.60625,2020-10-13
1353,41037,no hit,OR,2.1229165,2020-10-14
1354,41037,no hit,OR,2.2416665,2020-10-15
1355,41037,no hit,OR,4.6395835,2020-10-16
1356,41037,no hit,OR,4.03125,2020-10-17
1357,41037,no hit,OR,3.7020835,2020-10-18
1358,41037,no hit,OR,3.84375,2020-10-19
1359,41037,no hit,OR,3.6041665,2020-10-20
1360,41037,no hit,OR,3.8,2020-10-21
1361,41037,no hit,OR,2.0208335,2020-10-22
1362,41037,no hit,OR,4.2020835000000005,2020-10-23
1363,41037,no hit,OR,1.9229165,2020-10-24
1364,41037,no hit,OR,5.2333335000000005,2020-10-25
1365,41037,no hit,OR,7.6083335,2020-10-26
1366,41037,no hit,OR,7.8229165,2020-10-27
1367,41037,no hit,OR,10.9145835,2020-10-28
1368,41037,no hit,OR,12.7458335,2020-10-29
1369,41037,no hit,OR,11.9104165,2020-10-30
1370,41037,no hit,OR,12.11875,2020-10-31
1371,41067,hit,OR,3.4901515,2020-08-01
1372,41067,hit,OR,3.1527778333333334,2020-08-02
1373,41067,hit,OR,4.402083166666666,2020-08-03
1374,41067,hit,OR,6.158333333333334,2020-08-04
1375,41067,hit,OR,5.986111166666667,2020-08-05
1376,41067,hit,OR,3.6141415,2020-08-06
1377,41067,hit,OR,4.6838385,2020-08-07
1378,41067,hit,OR,3.8256945,2020-08-08
1379,41067,hit,OR,3.516666666666667,2020-08-09
1380,41067,hit,OR,3.4305555,2020-08-10
1381,41067,hit,OR,5.098611166666667,2020-08-11
1382,41067,hit,OR,5.736111,2020-08-12
1383,41067,hit,OR,6.967132571428572,2020-08-13
1384,41067,hit,OR,7.853713833333333,2020-08-14
1385,41067,hit,OR,6.935416666666666,2020-08-15
1386,41067,hit,OR,11.798214285714286,2020-08-16
1387,41067,hit,OR,8.397916666666667,2020-08-17
1388,41067,hit,OR,4.319384,2020-08-18
1389,41067,hit,OR,3.6660714285714286,2020-08-19
1390,41067,hit,OR,2.259027833333333,2020-08-20
1391,41067,hit,OR,2.228260833333333,2020-08-21
1392,41067,hit,OR,3.4613094285714285,2020-08-22
1393,41067,hit,OR,4.486111,2020-08-23
1394,41067,hit,OR,4.4194445,2020-08-24
1395,41067,hit,OR,4.361904714285714,2020-08-25
1396,41067,hit,OR,4.296527666666667,2020-08-26
1397,41067,hit,OR,3.5208335,2020-08-27
1398,41067,hit,OR,3.4142857142857146,2020-08-28
1399,41067,hit,OR,3.2506945,2020-08-29
1400,41067,hit,OR,4.453472166666667,2020-08-30
1401,41067,hit,OR,3.2273810000000003,2020-08-31
1402,41067,hit,OR,3.2222223333333333,2020-09-01
1403,41067,hit,OR,2.754861,2020-09-02
1404,41067,hit,OR,3.5726191428571425,2020-09-03
1405,41067,hit,OR,7.718055499999999,2020-09-04
1406,41067,hit,OR,9.329166666666667,2020-09-05
1407,41067,hit,OR,7.432738142857143,2020-09-06
1408,41067,hit,OR,25.890972166666668,2020-09-07
1409,41067,hit,OR,4.186111166666667,2020-09-08
1410,41067,hit,OR,17.39107142857143,2020-09-09
1411,41067,hit,OR,124.65277766666668,2020-09-10
1412,41067,hit,OR,221.0631943333333,2020-09-11
1413,41067,hit,OR,246.56428585714283,2020-09-12
1414,41067,hit,OR,296.8715276666667,2020-09-13
1415,41067,hit,OR,304.87916683333333,2020-09-14
1416,41067,hit,OR,246.79642857142855,2020-09-15
1417,41067,hit,OR,218.8527778333333,2020-09-16
1418,41067,hit,OR,173.13263883333332,2020-09-17
1419,41067,hit,OR,39.1528985,2020-09-18
1420,41067,hit,OR,5.054861166666666,2020-09-19
1421,41067,hit,OR,5.309027833333333,2020-09-20
1422,41067,hit,OR,9.993452285714286,2020-09-21
1423,41067,hit,OR,3.5972221666666666,2020-09-22
1424,41067,hit,OR,5.134027833333334,2020-09-23
1425,41067,hit,OR,4.497916666666667,2020-09-24
1426,41067,hit,OR,3.9645833333333336,2020-09-25
1427,41067,hit,OR,3.999305666666667,2020-09-26
1428,41067,hit,OR,4.233333166666667,2020-09-27
1429,41067,hit,OR,4.0569445,2020-09-28
1430,41067,hit,OR,5.521527666666667,2020-09-29
1431,41067,hit,OR,8.453472166666666,2020-09-30
1432,41067,hit,OR,13.302777666666666,2020-10-01
1433,41067,hit,OR,18.897916666666667,2020-10-02
1434,41067,hit,OR,18.3506945,2020-10-03
1435,41067,hit,OR,10.0493055,2020-10-04
1436,41067,hit,OR,9.025694333333334,2020-10-05
1437,41067,hit,OR,9.459027666666666,2020-10-06
1438,41067,hit,OR,13.321527833333334,2020-10-07
1439,41067,hit,OR,8.055736666666666,2020-10-08
1440,41067,hit,OR,7.427083333333333,2020-10-09
1441,41067,hit,OR,4.184027666666666,2020-10-10
1442,41067,hit,OR,3.3902778333333337,2020-10-11
1443,41067,hit,OR,4.8812500000000005,2020-10-12
1444,41067,hit,OR,4.954166666666667,2020-10-13
1445,41067,hit,OR,6.4875,2020-10-14
1446,41067,hit,OR,7.070138833333334,2020-10-15
1447,41067,hit,OR,8.016666666666667,2020-10-16
1448,41067,hit,OR,6.825694333333334,2020-10-17
1449,41067,hit,OR,7.132638833333334,2020-10-18
1450,41067,hit,OR,3.7034721666666655,2020-10-19
1451,41067,hit,OR,4.9666665,2020-10-20
1452,41067,hit,OR,4.300000166666667,2020-10-21
1453,41067,hit,OR,7.787626333333333,2020-10-22
1454,41067,hit,OR,7.2625,2020-10-23
1455,41067,hit,OR,4.285416666666667,2020-10-24
1456,41067,hit,OR,5.415277833333334,2020-10-25
1457,41067,hit,OR,12.9625,2020-10-26
1458,41067,hit,OR,15.1305555,2020-10-27
1459,41067,hit,OR,12.779861166666668,2020-10-28
1460,41067,hit,OR,11.661111,2020-10-29
1461,41067,hit,OR,9.6944445,2020-10-30
1462,41067,hit,OR,8.80625,2020-10-31
1494,41005,hit,OR,3.1125,2020-08-01
1495,41005,hit,OR,2.8239585,2020-08-02
1496,41005,hit,OR,3.41875,2020-08-03
1497,41005,hit,OR,4.8233334,2020-08-04
1498,41005,hit,OR,5.23229175,2020-08-05
1499,41005,hit,OR,3.371875,2020-08-06
1500,41005,hit,OR,3.6666668,2020-08-07
1501,41005,hit,OR,4.08333325,2020-08-08
1502,41005,hit,OR,3.36979175,2020-08-09
1503,41005,hit,OR,2.3058332,2020-08-10
1504,41005,hit,OR,4.075,2020-08-11
1505,41005,hit,OR,4.38645825,2020-08-12
1506,41005,hit,OR,5.6766668,2020-08-13
1507,41005,hit,OR,5.37320075,2020-08-14
1508,41005,hit,OR,4.2572915,2020-08-15
1509,41005,hit,OR,5.7091666000000005,2020-08-16
1510,41005,hit,OR,5.7270835,2020-08-17
1511,41005,hit,OR,4.684375,2020-08-18
1512,41005,hit,OR,4.5733334,2020-08-19
1513,41005,hit,OR,1.8083335,2020-08-20
1514,41005,hit,OR,2.11458325,2020-08-21
1515,41005,hit,OR,3.2641667999999995,2020-08-22
1516,41005,hit,OR,4.515625,2020-08-23
1517,41005,hit,OR,3.1427085,2020-08-24
1518,41005,hit,OR,2.56,2020-08-25
1519,41005,hit,OR,3.2260415,2020-08-26
1520,41005,hit,OR,2.7354165,2020-08-27
1521,41005,hit,OR,2.6825,2020-08-28
1522,41005,hit,OR,2.3197917500000003,2020-08-29
1523,41005,hit,OR,3.215625,2020-08-30
1524,41005,hit,OR,2.8225,2020-08-31
1525,41005,hit,OR,2.1739585,2020-09-01
1526,41005,hit,OR,1.48125,2020-09-02
1527,41005,hit,OR,2.165,2020-09-03
1528,41005,hit,OR,7.910416749999999,2020-09-04
1529,41005,hit,OR,9.41666675,2020-09-05
1530,41005,hit,OR,5.836666599999999,2020-09-06
1531,41005,hit,OR,29.70196066666667,2020-09-07
1532,41005,hit,OR,12.4136365,2020-09-08
1533,41005,hit,OR,294.54,2020-09-11
1534,41005,hit,OR,316.13333350000005,2020-09-12
1535,41005,hit,OR,318.451389,2020-09-13
1536,41005,hit,OR,235.373611,2020-09-14
1537,41005,hit,OR,233.9479165,2020-09-15
1538,41005,hit,OR,100.2270835,2020-09-16
1539,41005,hit,OR,62.20625,2020-09-17
1540,41005,hit,OR,17.62940725,2020-09-18
1541,41005,hit,OR,7.186458249999999,2020-09-19
1542,41005,hit,OR,9.875,2020-09-20
1543,41005,hit,OR,18.0758334,2020-09-21
1544,41005,hit,OR,5.77604175,2020-09-22
1545,41005,hit,OR,6.29365925,2020-09-23
1546,41005,hit,OR,4.1325,2020-09-24
1547,41005,hit,OR,3.953125,2020-09-25
1548,41005,hit,OR,3.58125,2020-09-26
1549,41005,hit,OR,3.1358332,2020-09-27
1550,41005,hit,OR,2.0791665000000004,2020-09-28
1551,41005,hit,OR,3.6541665,2020-09-29
1552,41005,hit,OR,6.0508334,2020-09-30
1553,41005,hit,OR,14.5395835,2020-10-01
1554,41005,hit,OR,16.5229165,2020-10-02
1555,41005,hit,OR,10.259722333333334,2020-10-03
1556,41005,hit,OR,11.7104165,2020-10-04
1557,41005,hit,OR,8.943750000000001,2020-10-05
1558,41005,hit,OR,6.493055666666667,2020-10-06
1559,41005,hit,OR,13.11875,2020-10-07
1560,41005,hit,OR,6.8416665000000005,2020-10-08
1561,41005,hit,OR,6.852777666666667,2020-10-09
1562,41005,hit,OR,3.5333335,2020-10-10
1563,41005,hit,OR,2.0458335,2020-10-11
1564,41005,hit,OR,2.361111,2020-10-12
1565,41005,hit,OR,3.0458335,2020-10-13
1566,41005,hit,OR,5.8333335,2020-10-14
1567,41005,hit,OR,5.043055666666667,2020-10-15
1568,41005,hit,OR,10.1145835,2020-10-16
1569,41005,hit,OR,12.6020835,2020-10-17
1570,41005,hit,OR,4.275,2020-10-18
1571,41005,hit,OR,2.6354165,2020-10-19
1572,41005,hit,OR,4.0375,2020-10-20
1573,41005,hit,OR,2.151389,2020-10-21
1574,41005,hit,OR,5.5166665,2020-10-22
1575,41005,hit,OR,6.6020835,2020-10-23
1576,41005,hit,OR,2.904166666666667,2020-10-24
1577,41005,hit,OR,4.137499999999999,2020-10-25
1578,41005,hit,OR,6.0354165,2020-10-26
1579,41005,hit,OR,4.408333333333333,2020-10-27
1580,41005,hit,OR,6.8104165000000005,2020-10-28
1581,41005,hit,OR,9.0291665,2020-10-29
1582,41005,hit,OR,4.779166666666667,2020-10-30
1583,41005,hit,OR,5.5270835,2020-10-31
1676,41039,hit,OR,3.006666666666667,2020-08-01
1677,41039,hit,OR,2.8229167142857143,2020-08-02
1678,41039,hit,OR,3.8086827142857143,2020-08-03
1679,41039,hit,OR,5.788611066666666,2020-08-04
1680,41039,hit,OR,5.3574404285714285,2020-08-05
1681,41039,hit,OR,3.614285642857143,2020-08-06
1682,41039,hit,OR,4.399444466666667,2020-08-07
1683,41039,hit,OR,4.676785785714285,2020-08-08
1684,41039,hit,OR,4.165476214285714,2020-08-09
1685,41039,hit,OR,5.0483334,2020-08-10
1686,41039,hit,OR,5.022916642857142,2020-08-11
1687,41039,hit,OR,5.639583285714286,2020-08-12
1688,41039,hit,OR,6.789166666666668,2020-08-13
1689,41039,hit,OR,9.504464357142856,2020-08-14
1690,41039,hit,OR,10.095237999999998,2020-08-15
1691,41039,hit,OR,11.201111066666666,2020-08-16
1692,41039,hit,OR,6.5761905,2020-08-17
1693,41039,hit,OR,3.6720238571428574,2020-08-18
1694,41039,hit,OR,3.2138888666666667,2020-08-19
1695,41039,hit,OR,2.1839285714285714,2020-08-20
1696,41039,hit,OR,2.834523785714285,2020-08-21
1697,41039,hit,OR,3.548611133333333,2020-08-22
1698,41039,hit,OR,5.393154642857143,2020-08-23
1699,41039,hit,OR,5.620833357142857,2020-08-24
1700,41039,hit,OR,5.0730556,2020-08-25
1701,41039,hit,OR,5.190476214285715,2020-08-26
1702,41039,hit,OR,4.5431547142857145,2020-08-27
1703,41039,hit,OR,4.357475866666666,2020-08-28
1704,41039,hit,OR,3.720833357142857,2020-08-29
1705,41039,hit,OR,3.9413690714285714,2020-08-30
1706,41039,hit,OR,3.755833333333333,2020-08-31
1707,41039,hit,OR,5.421726071428572,2020-09-01
1708,41039,hit,OR,5.190178571428571,2020-09-02
1709,41039,hit,OR,5.865555466666667,2020-09-03
1710,41039,hit,OR,8.603869071428571,2020-09-04
1711,41039,hit,OR,11.601488071428571,2020-09-05
1712,41039,hit,OR,10.942499933333332,2020-09-06
1713,41039,hit,OR,35.095968642857144,2020-09-07
1714,41039,hit,OR,227.2640384615385,2020-09-08
1715,41039,hit,OR,278.1404682307692,2020-09-09
1716,41039,hit,OR,309.5178570714285,2020-09-10
1717,41039,hit,OR,301.5660715,2020-09-11
1718,41039,hit,OR,348.9056547857143,2020-09-12
1719,41039,hit,OR,353.3949405,2020-09-13
1720,41039,hit,OR,281.09583335714285,2020-09-14
1721,41039,hit,OR,248.71964285714284,2020-09-15
1722,41039,hit,OR,157.72767864285714,2020-09-16
1723,41039,hit,OR,142.35922614285715,2020-09-17
1724,41039,hit,OR,16.10535714285714,2020-09-18
1725,41039,hit,OR,9.575297571428573,2020-09-19
1726,41039,hit,OR,17.933035714285715,2020-09-20
1727,41039,hit,OR,13.815476214285711,2020-09-21
1728,41039,hit,OR,6.066964285714286,2020-09-22
1729,41039,hit,OR,10.558255642857144,2020-09-23
1730,41039,hit,OR,5.532440428571428,2020-09-24
1731,41039,hit,OR,5.550297571428572,2020-09-25
1732,41039,hit,OR,4.253571428571428,2020-09-26
1733,41039,hit,OR,5.970833428571429,2020-09-27
1734,41039,hit,OR,6.578868999999999,2020-09-28
1735,41039,hit,OR,10.75357142857143,2020-09-29
1736,41039,hit,OR,15.961607142857144,2020-09-30
1737,41039,hit,OR,26.242261928571427,2020-10-01
1738,41039,hit,OR,18.357413428571427,2020-10-02
1739,41039,hit,OR,16.228273785714286,2020-10-03
1740,41039,hit,OR,18.215476285714285,2020-10-04
1741,41039,hit,OR,13.252083357142856,2020-10-05
1742,41039,hit,OR,12.876488071428572,2020-10-06
1743,41039,hit,OR,16.031845285714287,2020-10-07
1744,41039,hit,OR,9.607738071428573,2020-10-08
1745,41039,hit,OR,14.281666666666666,2020-10-09
1746,41039,hit,OR,6.378273857142857,2020-10-10
1747,41039,hit,OR,3.666964214285714,2020-10-11
1748,41039,hit,OR,4.143611133333334,2020-10-12
1749,41039,hit,OR,4.597619,2020-10-13
1750,41039,hit,OR,5.129166642857143,2020-10-14
1751,41039,hit,OR,7.892777666666666,2020-10-15
1752,41039,hit,OR,9.085416642857142,2020-10-16
1753,41039,hit,OR,6.755357071428572,2020-10-17
1754,41039,hit,OR,5.4633334,2020-10-18
1755,41039,hit,OR,4.7416667142857145,2020-10-19
1756,41039,hit,OR,7.178273785714286,2020-10-20
1757,41039,hit,OR,5.410714357142857,2020-10-21
1758,41039,hit,OR,8.939583357142856,2020-10-22
1759,41039,hit,OR,7.796428642857143,2020-10-23
1760,41039,hit,OR,4.5238095,2020-10-24
1761,41039,hit,OR,7.95625,2020-10-25
1762,41039,hit,OR,15.48214292857143,2020-10-26
1763,41039,hit,OR,18.26190478571429,2020-10-27
1764,41039,hit,OR,15.430357142857144,2020-10-28
1765,41039,hit,OR,16.765773785714284,2020-10-29
1766,41039,hit,OR,9.852777733333332,2020-10-30
1767,41039,hit,OR,15.345535714285717,2020-10-31
1860,41047,hit,OR,2.788194333333333,2020-08-01
1861,41047,hit,OR,2.7194443333333336,2020-08-02
1862,41047,hit,OR,3.865277666666667,2020-08-03
1863,41047,hit,OR,5.715277833333334,2020-08-04
1864,41047,hit,OR,4.999305499999999,2020-08-05
1865,41047,hit,OR,3.808333333333333,2020-08-06
1866,41047,hit,OR,4.6618055,2020-08-07
1867,41047,hit,OR,4.059722333333333,2020-08-08
1868,41047,hit,OR,3.415277833333333,2020-08-09
1869,41047,hit,OR,3.430555666666667,2020-08-10
1870,41047,hit,OR,4.6381945,2020-08-11
1871,41047,hit,OR,5.622916666666666,2020-08-12
1872,41047,hit,OR,6.784722333333334,2020-08-13
1873,41047,hit,OR,8.622222166666667,2020-08-14
1874,41047,hit,OR,7.654166833333334,2020-08-15
1875,41047,hit,OR,9.457639,2020-08-16
1876,41047,hit,OR,5.895139,2020-08-17
1877,41047,hit,OR,3.4243055000000004,2020-08-18
1878,41047,hit,OR,4.827083333333333,2020-08-19
1879,41047,hit,OR,1.9555555,2020-08-20
1880,41047,hit,OR,1.9874998333333331,2020-08-21
1881,41047,hit,OR,3.4916666666666667,2020-08-22
1882,41047,hit,OR,4.930555666666667,2020-08-23
1883,41047,hit,OR,4.7305555,2020-08-24
1884,41047,hit,OR,4.528472166666667,2020-08-25
1885,41047,hit,OR,4.738888833333333,2020-08-26
1886,41047,hit,OR,3.995138833333333,2020-08-27
1887,41047,hit,OR,3.982638833333333,2020-08-28
1888,41047,hit,OR,3.05625,2020-08-29
1889,41047,hit,OR,4.509722166666666,2020-08-30
1890,41047,hit,OR,2.9527776666666665,2020-08-31
1891,41047,hit,OR,3.93125,2020-09-01
1892,41047,hit,OR,2.8763888333333334,2020-09-02
1893,41047,hit,OR,3.327083333333333,2020-09-03
1894,41047,hit,OR,9.396527833333334,2020-09-04
1895,41047,hit,OR,8.496527833333333,2020-09-05
1896,41047,hit,OR,8.558333333333334,2020-09-06
1897,41047,hit,OR,30.28888883333333,2020-09-07
1898,41047,hit,OR,113.24652766666668,2020-09-08
1899,41047,hit,OR,290.71458333333334,2020-09-09
1900,41047,hit,OR,415.0645833333333,2020-09-10
1901,41047,hit,OR,566.1208335,2020-09-11
1902,41047,hit,OR,518.6229167500001,2020-09-12
1903,41047,hit,OR,545.3763332000001,2020-09-13
1904,41047,hit,OR,385.5888890000001,2020-09-14
1905,41047,hit,OR,247.06875,2020-09-15
1906,41047,hit,OR,334.9222221666667,2020-09-16
1907,41047,hit,OR,300.8979165,2020-09-17
1908,41047,hit,OR,33.316666500000004,2020-09-18
1909,41047,hit,OR,6.65,2020-09-19
1910,41047,hit,OR,11.89375,2020-09-20
1911,41047,hit,OR,14.254861166666666,2020-09-21
1912,41047,hit,OR,2.6881943333333336,2020-09-22
1913,41047,hit,OR,6.872161833333333,2020-09-23
1914,41047,hit,OR,3.9131945,2020-09-24
1915,41047,hit,OR,3.629861,2020-09-25
1916,41047,hit,OR,2.7430555,2020-09-26
1917,41047,hit,OR,3.790972333333333,2020-09-27
1918,41047,hit,OR,4.143750166666667,2020-09-28
1919,41047,hit,OR,8.017361166666667,2020-09-29
1920,41047,hit,OR,13.850362333333337,2020-09-30
1921,41047,hit,OR,20.21527783333333,2020-10-01
1922,41047,hit,OR,22.563889,2020-10-02
1923,41047,hit,OR,19.523611166666665,2020-10-03
1924,41047,hit,OR,15.788888833333331,2020-10-04
1925,41047,hit,OR,11.992361166666669,2020-10-05
1926,41047,hit,OR,13.834027833333332,2020-10-06
1927,41047,hit,OR,18.69652783333333,2020-10-07
1928,41047,hit,OR,6.7868055,2020-10-08
1929,41047,hit,OR,9.391666833333334,2020-10-09
1930,41047,hit,OR,5.292361166666667,2020-10-10
1931,41047,hit,OR,3.0534723333333336,2020-10-11
1932,41047,hit,OR,3.951389,2020-10-12
1933,41047,hit,OR,4.001388833333333,2020-10-13
1934,41047,hit,OR,5.2,2020-10-14
1935,41047,hit,OR,8.070139,2020-10-15
1936,41047,hit,OR,11.209027833333332,2020-10-16
1937,41047,hit,OR,10.686111000000002,2020-10-17
1938,41047,hit,OR,6.8694445,2020-10-18
1939,41047,hit,OR,2.9923610000000003,2020-10-19
1940,41047,hit,OR,8.368055499999999,2020-10-20
1941,41047,hit,OR,5.9180555,2020-10-21
1942,41047,hit,OR,10.482638833333333,2020-10-22
1943,41047,hit,OR,7.357639,2020-10-23
1944,41047,hit,OR,4.261111166666667,2020-10-24
1945,41047,hit,OR,6.354166666666667,2020-10-25
1946,41047,hit,OR,13.576388833333333,2020-10-26
1947,41047,hit,OR,15.034027833333331,2020-10-27
1948,41047,hit,OR,12.631854,2020-10-28
1949,41047,hit,OR,14.59375,2020-10-29
1950,41047,hit,OR,12.222222166666668,2020-10-30
1951,41047,hit,OR,14.829861,2020-10-31
