GEO_ID,pop2021
48301,57.0
48269,258.0
48261,340.0
31117,379.0
31009,461.0
31005,439.0
30069,519.0
48311,608.0
31115,604.0
31075,579.0
48033,617.0
35021,639.0
31171,673.0
31007,692.0
38087,690.0
31091,734.0
8111,733.0
31113,687.0
32009,743.0
48443,724.0
48263,749.0
30103,768.0
31103,787.0
31183,795.0
16033,792.0
8053,781.0
30037,831.0
48393,797.0
31085,843.0
8079,924.0
46075,879.0
30109,934.0
38007,955.0
49009,976.0
48345,1067.0
30079,1091.0
48155,1080.0
16025,1139.0
48173,1149.0
31165,1143.0
30033,1209.0
6003,1235.0
48433,1217.0
46069,1236.0
38083,1268.0
31149,1264.0
20071,1304.0
46063,1327.0
28055,1280.0
46021,1380.0
48101,1381.0
8057,1363.0
48431,1381.0
30011,1428.0
48137,1438.0
48045,1403.0
49031,1487.0
48447,1495.0
46119,1476.0
8061,1452.0
41069,1451.0
20199,1508.0
48235,1552.0
13265,1558.0
20101,1565.0
31057,1635.0
46073,1636.0
30019,1686.0
35011,1680.0
20033,1670.0
30075,1702.0
20083,1710.0
38033,1770.0
30055,1718.0
8017,1707.0
48125,1740.0
48359,1717.0
38091,1810.0
31015,1789.0
31071,1839.0
31049,1865.0
32011,1903.0
48011,1839.0
38065,1873.0
46055,1835.0
41055,1907.0
31069,1847.0
38047,1883.0
31073,1824.0
46095,1908.0
30059,1964.0
46017,1923.0
30051,1946.0
29227,1983.0
48327,1982.0
20025,1977.0
48243,1949.0
41021,2005.0
30045,2044.0
26083,2107.0
20187,2044.0
30107,2059.0
46049,2137.0
38095,2140.0
20203,2082.0
31077,2169.0
21201,2257.0
38001,2167.0
38013,2158.0
48109,2193.0
38023,2188.0
13239,2243.0
51091,2226.0
38075,2266.0
38037,2323.0
40025,2248.0
53023,2346.0
46097,2314.0
38039,2281.0
46111,2378.0
38027,2337.0
8033,2397.0
13307,2367.0
38043,2369.0
46137,2380.0
8115,2336.0
46089,2420.0
20065,2400.0
56027,2438.0
48413,2429.0
20179,2478.0
20097,2392.0
40057,2418.0
46107,2475.0
38041,2430.0
20049,2441.0
20075,2484.0
49055,2558.0
49033,2597.0
31063,2555.0
38051,2513.0
31133,2548.0
20153,2549.0
48079,2516.0
20017,2598.0
16023,2654.0
31087,2586.0
20023,2633.0
48087,2615.0
20135,2672.0
20063,2755.0
20129,2692.0
46003,2748.0
48385,2826.0
20109,2722.0
20039,2751.0
48421,2798.0
48191,2845.0
20195,2793.0
46071,2878.0
46105,2819.0
46043,2821.0
13061,2882.0
13007,2819.0
31135,2832.0
13125,2919.0
31061,2903.0
20047,2832.0
31017,2908.0
20089,2937.0
20165,2953.0
20105,2903.0
31163,2964.0
46117,3032.0
38011,2903.0
38063,3054.0
30025,3017.0
48295,2931.0
31083,3091.0
20207,3102.0
48105,3068.0
48417,3212.0
48271,3130.0
46059,3095.0
48229,3287.0
6091,3283.0
37177,3254.0
40059,3180.0
48129,3268.0
38029,3271.0
48081,3321.0
48461,3265.0
30039,3344.0
48095,3341.0
27155,3286.0
48275,3351.0
48435,3319.0
48211,3271.0
48383,3253.0
31125,3390.0
46007,3406.0
20019,3395.0
31181,3411.0
38031,3364.0
31105,3412.0
40129,3386.0
46061,3505.0
48023,3477.0
8009,3514.0
20141,3498.0
8023,3625.0
29129,3488.0
30091,3527.0
16061,3715.0
48197,3552.0
20183,3576.0
35003,3731.0
17069,3650.0
30097,3723.0
48151,3706.0
51720,3666.0
38019,3662.0
13101,3699.0
19003,3641.0
46085,3764.0
29103,3808.0
17151,3779.0
40045,3762.0
20081,3668.0
27077,3823.0
28125,3663.0
38081,3829.0
46025,3855.0
31029,3826.0
38085,3738.0
46031,3872.0
27125,3933.0
53013,4042.0
38103,3905.0
48319,3943.0
38069,3953.0
20093,3891.0
46045,4033.0
46053,3977.0
29197,4025.0
21189,3953.0
20119,4022.0
31175,4066.0
20185,4034.0
35059,4107.0
31129,4060.0
38045,4066.0
38025,4035.0
32029,4143.0
22107,4043.0
35023,4074.0
40053,4131.0
27069,4146.0
35033,4196.0
29087,4226.0
30071,4192.0
51017,4114.0
20007,4110.0
55078,4289.0
16037,4428.0
48267,4365.0
46039,4272.0
46091,4304.0
17013,4369.0
16003,4625.0
48333,4480.0
53069,4582.0
35019,4449.0
40043,4417.0
32017,4525.0
42023,4459.0
21105,4424.0
8095,4512.0
13249,4478.0
31123,4574.0
37095,4508.0
32021,4586.0
16071,4611.0
55037,4593.0
30061,4860.0
31065,4604.0
56017,4597.0
19159,4639.0
48103,4680.0
29171,4712.0
20157,4662.0
29199,4693.0
8027,5045.0
5013,4741.0
30065,4896.0
21039,4791.0
8121,4861.0
48247,4801.0
8091,5035.0
51045,4865.0
20163,4831.0
17171,4836.0
17059,4903.0
20147,4815.0
38021,4897.0
30101,5011.0
48483,4927.0
47137,5079.0
40007,4980.0
31169,4913.0
36041,5119.0
49017,5129.0
31161,5095.0
48107,5106.0
16063,5282.0
20171,5131.0
27011,5145.0
17153,5065.0
17003,5030.0
54105,5063.0
13301,5240.0
29035,5320.0
46077,5192.0
31143,5174.0
46041,5246.0
48119,5392.0
20189,5293.0
48317,5211.0
48195,5159.0
46015,5242.0
40029,5276.0
31097,5316.0
46129,5248.0
13259,5341.0
29005,5234.0
38049,5249.0
26095,5309.0
40067,5438.0
31011,5386.0
20127,5356.0
48205,5397.0
27087,5414.0
48153,5350.0
17175,5294.0
48207,5411.0
46037,5414.0
20137,5342.0
20077,5331.0
31031,5458.0
40055,5487.0
20201,5511.0
40033,5480.0
13037,5509.0
31059,5546.0
31051,5545.0
27031,5617.0
46123,5569.0
48305,5688.0
22023,5080.0
27081,5567.0
20069,5644.0
8011,5759.0
17155,5566.0
46087,5695.0
8073,5688.0
19009,5635.0
38073,5675.0
40003,5710.0
51595,5667.0
51580,5717.0
32015,5798.0
48411,5827.0
13263,5742.0
20143,5838.0
20123,5748.0
48169,5863.0
26131,5868.0
48065,5746.0
8047,5873.0
31167,5816.0
42113,5868.0
21057,5879.0
19173,5868.0
30073,5994.0
20181,5895.0
8025,6012.0
30015,5916.0
50009,5925.0
18115,5978.0
38005,5809.0
20073,5939.0
29211,5934.0
13201,5919.0
29179,6087.0
27051,6153.0
31035,6078.0
29205,5976.0
48377,6140.0
29075,6173.0
21165,6194.0
55051,6178.0
54071,6142.0
28119,5935.0
46057,6255.0
47175,6324.0
19143,6159.0
54013,6176.0
5147,6116.0
17047,6075.0
17009,6421.0
30099,6269.0
20145,6225.0
51021,6173.0
31003,6279.0
5073,6163.0
46101,6315.0
46115,6269.0
17071,6312.0
20053,6336.0
16007,6545.0
38009,6390.0
13243,6287.0
8109,6471.0
13283,6306.0
27107,6416.0
5039,6308.0
47127,6644.0
27167,6395.0
31093,6531.0
21075,6512.0
19185,6508.0
8103,6476.0
51181,6530.0
21237,6507.0
19071,6567.0
51097,6662.0
51530,6601.0
47067,6787.0
29045,6736.0
32027,6741.0
48283,6670.0
48075,6736.0
20167,6703.0
51640,6660.0
31099,6674.0
27073,6684.0
31021,6709.0
13065,6725.0
51036,6594.0
48391,6756.0
54093,6672.0
5095,6683.0
31173,6620.0
56045,6745.0
8055,6920.0
38067,6767.0
30007,7288.0
48017,6835.0
17169,6843.0
20197,6966.0
30077,6999.0
42053,7032.0
40141,7076.0
48437,7008.0
46047,7202.0
46009,7014.0
47095,7128.0
30005,6980.0
48175,7163.0
19093,6956.0
16029,7111.0
48047,6994.0
29203,7106.0
8063,6950.0
19151,7074.0
49001,7249.0
31127,7064.0
18161,7047.0
48111,7172.0
53019,7273.0
56011,7315.0
5101,7204.0
19177,7243.0
41023,7272.0
28063,7205.0
31095,7176.0
50013,7421.0
51157,7407.0
51678,7456.0
20067,7324.0
31139,7313.0
21063,7381.0
55091,7364.0
48069,7374.0
21129,7451.0
54021,7377.0
29041,7356.0
22035,7220.0
41063,7545.0
8065,7407.0
46067,7411.0
19195,7385.0
13309,7471.0
20095,7392.0
8021,7612.0
20043,7471.0
19001,7541.0
41025,7575.0
13197,7440.0
46051,7519.0
21181,7712.0
5025,7514.0
30105,7537.0
47027,7555.0
48307,7533.0
19135,7610.0
29057,7599.0
19053,7659.0
22081,7564.0
16015,8094.0
54073,7601.0
28037,7676.0
56043,7705.0
31121,7665.0
28009,7646.0
48501,7607.0
48083,7735.0
49025,7992.0
13181,7749.0
1063,7629.0
28053,7551.0
21007,7695.0
48495,7415.0
40093,7668.0
54017,7735.0
13269,7799.0
5129,7880.0
31147,7759.0
54075,7841.0
20003,7778.0
16077,7950.0
20193,7877.0
48405,7922.0
16059,8162.0
12077,7900.0
38097,8003.0
17065,7911.0
13289,7856.0
45005,7858.0
54015,7892.0
37075,8043.0
26153,8030.0
8113,8074.0
20027,8077.0
26013,8215.0
41037,8276.0
31045,8148.0
29081,8164.0
27101,8144.0
51620,8217.0
28019,8106.0
48193,8229.0
26135,8311.0
5117,8135.0
12067,8382.0
54095,8155.0
5099,8187.0
47083,8317.0
30087,8124.0
13003,8391.0
29085,8607.0
31101,8279.0
46033,8609.0
54101,8249.0
38057,8323.0
31023,8444.0
47135,8472.0
20031,8338.0
31027,8330.0
31107,8401.0
21023,8439.0
18171,8475.0
54085,8383.0
29125,8406.0
29061,8399.0
1105,8355.0
56019,8623.0
5097,8611.0
21223,8530.0
29033,8376.0
40075,8410.0
48237,8712.0
29153,8782.0
51115,8546.0
28157,8315.0
5077,8619.0
48009,8681.0
48127,8473.0
13209,8653.0
20205,8526.0
27029,8576.0
40151,8583.0
19117,8710.0
29149,8631.0
56031,8699.0
30057,8917.0
6049,8661.0
13165,8639.0
21143,8803.0
29137,8712.0
21077,8775.0
46125,8708.0
40011,8562.0
18007,8714.0
35037,8656.0
13141,8630.0
56035,8697.0
13315,8739.0
19133,8574.0
19073,8717.0
16035,8895.0
29025,8897.0
26003,8821.0
13319,8831.0
21139,8959.0
22025,8805.0
51159,9017.0
30021,8904.0
19147,8906.0
31137,8937.0
13287,8966.0
28069,8829.0
21055,8947.0
48335,9070.0
20029,8928.0
31039,8984.0
30095,9044.0
27089,8988.0
48429,9173.0
32033,9182.0
21091,9064.0
28021,8908.0
19051,9138.0
21149,9100.0
13253,9197.0
20151,9181.0
13273,8964.0
26119,9297.0
37103,9255.0
55041,9258.0
13167,9160.0
48425,9469.0
21053,9265.0
17079,9193.0
40105,9303.0
46121,9286.0
19063,9321.0
29185,9376.0
46023,9163.0
30001,9524.0
20159,9390.0
31081,9386.0
8019,9446.0
27117,9313.0
30023,9491.0
40077,9427.0
20013,9455.0
13053,9048.0
31033,9529.0
19089,9478.0
27173,9411.0
45065,9760.0
29093,9408.0
4011,9404.0
13317,9513.0
48043,9450.0
16009,9931.0
20107,9747.0
19091,9634.0
22021,9571.0
13155,9618.0
27149,9700.0
48507,9534.0
51049,9681.0
49019,9663.0
31179,9784.0
22123,9594.0
27133,9680.0
28143,9696.0
18155,9790.0
19039,9785.0
29079,9720.0
38055,9796.0
48315,9645.0
38061,9576.0
18101,9780.0
19161,9752.0
27151,9749.0
28097,9729.0
48131,9756.0
5127,9822.0
49015,9967.0
48369,9813.0
13235,9917.0
48403,10039.0
19025,9915.0
13173,9907.0
48399,9943.0
28155,9983.0
22065,9799.0
28015,9879.0
48357,9782.0
27063,9990.0
8125,9941.0
19069,9952.0
19107,9914.0
5105,9964.0
20117,9979.0
29111,10000.0
31089,10049.0
40085,10216.0
5017,10019.0
29089,10168.0
26001,10235.0
5109,10066.0
20131,10216.0
40069,10301.0
28103,10123.0
48077,10263.0
46019,10456.0
46109,10163.0
21169,10349.0
1085,9965.0
1011,10320.0
19137,10322.0
29173,10361.0
48159,10464.0
1037,10450.0
37029,10835.0
17035,10345.0
37073,10366.0
21131,10278.0
31041,10460.0
5011,10408.0
30009,10847.0
1131,10446.0
38099,10469.0
29017,10556.0
18025,10514.0
16087,10898.0
31037,10498.0
19131,10555.0
51057,10573.0
19077,10567.0
51119,10781.0
19189,10656.0
31145,10623.0
29181,10617.0
19081,10663.0
13109,10672.0
51183,10763.0
30085,10821.0
40127,10815.0
19115,10749.0
13099,10619.0
31013,10604.0
26097,10906.0
21041,10863.0
38003,10806.0
27075,10986.0
22091,10912.0
37005,11049.0
40103,10933.0
40149,10915.0
51103,10928.0
29223,10914.0
53043,11232.0
54023,10983.0
37187,10892.0
13191,11123.0
13043,11037.0
46079,10851.0
29063,11098.0
21087,11291.0
37043,11309.0
13005,11079.0
13093,10885.0
27165,11135.0
21159,11140.0
40107,11197.0
28065,11134.0
29139,11415.0
21187,11294.0
21171,11233.0
27121,11403.0
17185,11202.0
5041,11090.0
48297,11377.0
51081,11437.0
47039,11391.0
48031,11886.0
30027,11617.0
13149,11565.0
56003,11632.0
28111,11571.0
27033,11569.0
30083,11283.0
51037,11448.0
35051,11502.0
8105,11408.0
40061,11602.0
48387,11555.0
1035,11328.0
38071,11572.0
29067,11732.0
21153,11497.0
29011,11658.0
47087,11750.0
19035,11503.0
26071,11635.0
48475,11194.0
47169,12035.0
17123,11663.0
19165,11770.0
16081,12267.0
20115,11712.0
48445,11754.0
49023,12155.0
16085,12241.0
51133,12029.0
29115,11843.0
30017,11916.0
17061,11843.0
54089,11908.0
19119,12011.0
51111,11926.0
48343,12030.0
19037,11887.0
5081,11944.0
16073,12336.0
28077,11812.0
8099,11996.0
13193,12004.0
21229,12072.0
27071,11941.0
5049,12145.0
53059,12170.0
19175,12018.0
18009,12091.0
26085,12308.0
13079,12153.0
16021,12561.0
21061,12291.0
30043,12470.0
38079,12048.0
48351,12241.0
12043,12234.0
41049,12303.0
48379,12509.0
51131,12085.0
18125,12144.0
17129,12164.0
21219,12285.0
37137,12344.0
19007,12257.0
1119,12164.0
19075,12347.0
21031,12294.0
54063,12332.0
35007,12369.0
5137,12481.0
54007,12247.0
49029,12657.0
48115,12413.0
28161,12415.0
48063,12616.0
30089,12959.0
51735,12574.0
12037,12572.0
13271,12414.0
18131,12339.0
56015,12537.0
13049,12766.0
20001,12464.0
29133,12538.0
13281,12875.0
13023,12607.0
27023,12357.0
29123,12652.0
47101,12857.0
1023,12533.0
21033,12624.0
28135,12366.0
28005,12637.0
21011,12778.0
5061,12698.0
39163,12696.0
47121,13049.0
48487,12731.0
5079,13037.0
22013,12776.0
19197,12785.0
21109,12984.0
17017,12773.0
26039,13204.0
26141,13093.0
48279,12898.0
21233,12813.0
37143,13130.0
49027,13164.0
17125,12881.0
30003,12957.0
21135,12987.0
21197,13133.0
19029,13050.0
1041,13083.0
16079,13612.0
6051,13247.0
20085,13261.0
28013,13018.0
51007,13268.0
29151,13379.0
45009,13189.0
8081,13185.0
17025,13143.0
17087,13463.0
55011,13302.0
40063,13405.0
39111,13329.0
16043,13592.0
51690,13517.0
8007,13790.0
48313,13718.0
53051,13886.0
28041,13630.0
47061,13622.0
17053,13511.0
5065,13911.0
48093,13775.0
12013,13641.0
48455,13827.0
21225,13544.0
37041,13722.0
21025,13553.0
47161,13855.0
17189,13655.0
21175,13820.0
22127,13488.0
56009,13672.0
39115,13682.0
30035,13785.0
48059,14115.0
18111,13808.0
17193,13784.0
51113,13942.0
28147,13836.0
40099,13718.0
48505,13908.0
47033,13979.0
27043,13909.0
27113,13780.0
1075,13689.0
54087,13898.0
12047,13993.0
55099,14050.0
51051,13787.0
13251,14105.0
19005,13926.0
21221,14192.0
37173,14136.0
31185,14244.0
39121,14176.0
27159,14177.0
22027,14038.0
17127,13960.0
45017,14165.0
21065,14092.0
40035,14115.0
19141,14015.0
21119,14053.0
55107,14123.0
40005,14324.0
12045,14363.0
1027,14190.0
40023,14307.0
29039,14496.0
28129,14191.0
54031,14160.0
25019,14491.0
31151,14192.0
16041,14666.0
19023,14332.0
26053,14361.0
20011,14323.0
54103,14170.0
19129,14465.0
29065,14432.0
17139,14510.0
39067,14477.0
56007,14649.0
5021,14350.0
49037,14489.0
19085,14669.0
47015,14553.0
42057,14523.0
12065,14555.0
29117,14755.0
8071,14633.0
17149,14618.0
13159,15278.0
21191,14607.0
51610,14493.0
27129,14608.0
48255,14754.0
48353,14597.0
48389,14487.0
51125,14790.0
38053,13819.0
29073,14791.0
13161,14872.0
19109,14529.0
51043,14881.0
1065,14754.0
27143,14917.0
22059,14834.0
13221,15140.0
21123,15028.0
37121,14963.0
47007,15234.0
22049,14876.0
26011,14975.0
46027,15150.0
48239,15121.0
19079,14887.0
1029,15103.0
35057,15307.0
26113,15130.0
21069,15224.0
40073,15204.0
51005,14986.0
48371,15118.0
19145,15197.0
29121,15183.0
17101,15152.0
22125,15494.0
27135,15258.0
1129,15147.0
51077,15359.0
40095,15594.0
18159,15372.0
18165,15341.0
27127,15366.0
17023,15300.0
54001,15468.0
17039,15341.0
51830,15590.0
29135,15484.0
18013,15552.0
51063,15566.0
28023,15421.0
40117,15741.0
19067,15413.0
55077,15792.0
29155,15236.0
51135,15594.0
17131,15582.0
16047,15772.0
13163,15524.0
19101,15647.0
17015,15698.0
21103,15657.0
27001,15887.0
20139,15768.0
48289,15959.0
8049,15860.0
5141,15694.0
5133,15783.0
17159,15796.0
51025,15940.0
47005,15872.0
47153,16396.0
21045,15866.0
31131,15930.0
20133,15784.0
55003,16107.0
27065,16159.0
29013,16105.0
21203,16115.0
55023,16075.0
6105,16060.0
51750,16499.0
17191,15963.0
12125,16335.0
51011,16353.0
18121,16407.0
5075,16292.0
47181,16409.0
13083,16326.0
55007,16320.0
13027,16270.0
30041,16179.0
13183,17152.0
21127,16290.0
20005,16239.0
1057,16148.0
29143,16035.0
19041,16440.0
28061,16291.0
42105,16259.0
8003,16547.0
5107,15906.0
19047,16193.0
45061,16280.0
18045,16427.0
38077,16560.0
5087,16960.0
16049,17040.0
35053,16311.0
4012,16408.0
55013,16744.0
55129,16752.0
55065,16784.0
19121,16773.0
17147,16753.0
17005,16596.0
19095,16568.0
41001,16847.0
54091,16492.0
5067,16811.0
48395,16958.0
18139,16672.0
51071,16562.0
17045,16520.0
5037,16681.0
23021,17165.0
17187,16531.0
12029,17102.0
51029,16947.0
19083,16708.0
46127,16872.0
21147,16892.0
5089,16978.0
13241,17119.0
28051,16496.0
48415,16824.0
21079,17362.0
8051,17281.0
48145,17313.0
19043,16998.0
54041,16892.0
54065,17221.0
28017,17011.0
19171,16867.0
21161,16931.0
29053,17115.0
29059,17341.0
5001,16722.0
5047,17173.0
6043,17147.0
51685,17002.0
13017,17158.0
1067,17459.0
17181,16923.0
30067,17473.0
13075,17225.0
51520,17054.0
55103,17212.0
5135,17622.0
32013,17648.0
5043,17110.0
8097,17348.0
47023,17504.0
8093,17720.0
37131,17129.0
19055,17510.0
48287,17706.0
17067,17400.0
51141,17602.0
47139,17776.0
31159,17603.0
29163,17761.0
48051,18051.0
28159,17596.0
46065,17694.0
19059,17851.0
48133,17864.0
47075,17694.0
37011,17864.0
53055,18557.0
28007,17742.0
48503,17977.0
37015,17505.0
36097,17752.0
47171,17698.0
51101,18171.0
26079,17979.0
12041,18360.0
51175,18006.0
47091,18170.0
26019,18223.0
5053,18090.0
21207,18156.0
12079,18288.0
13025,18101.0
13011,18562.0
29003,18002.0
55113,18295.0
42093,18087.0
13019,18147.0
29229,18610.0
51570,18273.0
48035,18503.0
20087,18411.0
28031,18279.0
28131,18644.0
20041,18459.0
48163,18436.0
13001,18488.0
37199,18757.0
29186,18588.0
19031,18410.0
51193,18731.0
48117,18329.0
45049,18180.0
47049,18850.0
13171,19080.0
5121,18865.0
22029,18376.0
37185,18762.0
48003,18440.0
17033,18659.0
19157,18586.0
28025,18535.0
8089,18594.0
21097,18950.0
39125,18871.0
27055,18778.0
28141,18750.0
45081,18821.0
21001,18932.0
54047,18363.0
13231,19477.0
40091,19245.0
27161,19000.0
5003,18674.0
29157,18922.0
47085,19211.0
55047,19229.0
6027,18970.0
13133,19536.0
1013,18884.0
1107,18801.0
35041,19019.0
24029,19270.0
46005,19121.0
18123,19316.0
5113,19353.0
16045,19792.0
1091,18996.0
21099,19460.0
20021,19130.0
37149,19656.0
19065,19258.0
29015,19908.0
40001,19414.0
35028,19330.0
19097,19368.0
55067,19502.0
48161,19774.0
22037,19338.0
1087,18895.0
21231,19540.0
21215,19916.0
8015,20074.0
21155,19725.0
49013,19790.0
21213,19718.0
12059,19784.0
13105,19579.0
29217,19595.0
48177,19641.0
56023,20153.0
48253,19873.0
22041,19668.0
13229,19976.0
1099,19648.0
30053,20525.0
17041,19722.0
6063,19915.0
28153,19709.0
48457,20077.0
48123,19918.0
18147,19798.0
47173,20040.0
18117,19830.0
13091,19759.0
55119,19923.0
13303,19785.0
46035,19878.0
47159,20172.0
48337,20409.0
27091,19915.0
5057,19694.0
22083,19805.0
19191,19892.0
13081,19879.0
48057,19727.0
20099,19912.0
22093,19742.0
48489,20316.0
47041,20478.0
13211,20635.0
5149,20155.0
51027,19816.0
21017,20229.0
21051,20206.0
35027,20436.0
18015,20444.0
54043,20126.0
48285,20544.0
40153,20205.0
19087,20387.0
21027,20651.0
18049,20386.0
56041,20635.0
37079,20417.0
18075,20248.0
49007,20372.0
48233,20495.0
55061,20543.0
48089,20630.0
45011,20580.0
25007,21097.0
19019,20657.0
51079,20968.0
21003,20797.0
53001,20621.0
13199,20793.0
19105,20805.0
55001,20875.0
22077,20356.0
19027,20692.0
13321,20554.0
5029,20873.0
26129,20726.0
19021,20771.0
18153,20758.0
45039,20690.0
27039,20935.0
17145,20985.0
17173,20789.0
31177,20969.0
22007,20689.0
48019,21565.0
29141,21379.0
47129,21254.0
5083,21215.0
55053,21121.0
22111,21091.0
48179,21030.0
29049,21287.0
37115,21502.0
29147,21160.0
28027,20810.0
28101,21056.0
27045,21271.0
28079,21196.0
48299,21978.0
48341,21118.0
40139,20865.0
18119,21446.0
54109,21051.0
5019,21321.0
27057,21715.0
27157,21509.0
21133,21253.0
17083,21333.0
37091,21278.0
17051,21384.0
48219,21363.0
8075,21487.0
31043,21241.0
38093,21576.0
49041,21906.0
51169,21419.0
28043,21365.0
13189,21633.0
31067,21616.0
16067,21955.0
13205,21521.0
48165,21895.0
48281,22252.0
54005,21312.0
28139,21635.0
12123,21815.0
20175,21747.0
47151,21917.0
51147,21932.0
6011,21917.0
39175,21708.0
37117,21754.0
29083,22206.0
1111,21989.0
37007,22060.0
17085,21939.0
48225,22241.0
51105,21983.0
48293,22119.0
39105,22049.0
22085,22135.0
22043,22236.0
13237,22585.0
19123,21984.0
27105,21991.0
1007,22477.0
51820,22550.0
53003,22397.0
26089,22623.0
40009,22046.0
20191,22385.0
31155,22787.0
54009,22140.0
19183,22491.0
48365,22675.0
47133,22839.0
5103,22306.0
51163,22641.0
21167,22850.0
21115,22556.0
37033,22714.0
22003,22687.0
13107,22716.0
5027,22672.0
18047,22842.0
53039,23118.0
13267,23052.0
26133,23105.0
5111,22660.0
51670,23140.0
1025,22760.0
29055,22807.0
5123,22739.0
54027,23302.0
55125,23520.0
51127,23897.0
29177,23008.0
46135,23297.0
29119,23383.0
29195,23289.0
18041,23360.0
56039,23575.0
18149,23372.0
26009,23813.0
26109,23299.0
27093,23376.0
13119,23785.0
26143,23633.0
42067,23297.0
54059,23005.0
22075,23303.0
53049,23948.0
1133,23652.0
29221,23502.0
41015,23683.0
40133,23567.0
47057,23763.0
17165,23320.0
55049,23756.0
51139,23807.0
21183,23688.0
54097,23791.0
28057,23838.0
21005,24035.0
48007,24510.0
48419,23939.0
21013,23858.0
41027,24057.0
31047,23898.0
51600,24276.0
45001,24299.0
16053,24662.0
21137,24243.0
16013,24766.0
28039,24762.0
18143,24355.0
18135,24387.0
28091,24378.0
29215,24987.0
48149,24687.0
55137,24828.0
41031,25068.0
54067,24300.0
48463,24729.0
24039,24584.0
13033,24310.0
29175,24760.0
18181,24651.0
5023,25015.0
16031,25164.0
36123,24613.0
48331,25106.0
8119,24926.0
40065,24777.0
21205,24861.0
29131,24909.0
13291,25521.0
51075,25488.0
8107,25091.0
13055,24932.0
41013,25739.0
29007,24982.0
28117,24996.0
47081,25307.0
1019,24996.0
19017,25081.0
21081,25244.0
26101,25350.0
47097,25108.0
26137,25289.0
18129,25116.0
27083,25231.0
1005,24964.0
26069,25369.0
47111,25699.0
29001,25185.0
27153,25237.0
12049,25425.0
54053,25157.0
12133,25436.0
26051,25485.0
51775,25373.0
20149,25790.0
13111,25817.0
47069,25426.0
20009,25216.0
35029,25532.0
22067,25025.0
19011,25691.0
32001,25723.0
13035,25781.0
16075,26350.0
26031,25752.0
40049,25804.0
45037,26153.0
19149,25650.0
5071,25845.0
37123,25798.0
51167,25550.0
51790,25661.0
46081,26165.0
28133,25402.0
47109,25860.0
8083,26175.0
13147,26409.0
27015,25819.0
26043,25787.0
28127,25750.0
50015,26126.0
42131,26034.0
26029,26086.0
21217,26235.0
20059,25986.0
41061,26212.0
8039,27128.0
13131,25918.0
21085,26524.0
27095,26867.0
18021,26410.0
18031,26320.0
45069,26382.0
36049,26573.0
37009,26711.0
21043,26412.0
31025,27017.0
41065,26726.0
28163,26373.0
1061,26701.0
26127,26815.0
39019,26691.0
21095,26164.0
19015,26723.0
48171,27297.0
55057,26802.0
47071,26892.0
13257,26865.0
51099,27489.0
22031,26919.0
40015,26368.0
54057,26857.0
21239,27075.0
17075,26827.0
13085,28497.0
39131,27089.0
13279,26911.0
35006,27184.0
17109,26828.0
35047,27150.0
45087,27016.0
22121,27792.0
51065,27723.0
50019,27546.0
47185,27650.0
39001,27542.0
41057,27748.0
48407,27878.0
21141,27771.0
18079,27409.0
39069,27538.0
6015,28100.0
13293,27720.0
54035,27738.0
28145,27953.0
47077,27953.0
54083,27806.0
17107,27992.0
51053,27912.0
28123,27598.0
51630,28367.0
39073,28097.0
51840,28136.0
13225,28417.0
13207,28712.0
13311,28442.0
21173,28219.0
28137,28234.0
17135,28084.0
29069,27717.0
18179,28197.0
28083,27557.0
5015,28435.0
35017,27889.0
18175,28102.0
51197,28178.0
45033,28087.0
28029,27995.0
46029,28427.0
12003,28715.0
13169,28400.0
12007,28540.0
55069,28541.0
21193,27929.0
37053,29653.0
48067,28560.0
47017,28432.0
40039,28163.0
48363,28686.0
29127,28518.0
49039,29106.0
27079,28841.0
29207,28479.0
16039,28827.0
24023,28702.0
37039,29167.0
47115,28877.0
27115,29302.0
26007,28893.0
39161,28732.0
6021,28805.0
20051,28790.0
39047,28906.0
18137,29081.0
28099,28993.0
54029,28656.0
45067,28784.0
26105,29383.0
8087,29008.0
45053,30324.0
51035,29048.0
39053,29158.0
50017,29541.0
1093,29246.0
13087,29038.0
28001,28742.0
48185,30287.0
23007,29687.0
13261,29283.0
37017,29525.0
56029,30108.0
36095,29863.0
51173,29477.0
46093,30173.0
21163,30131.0
13143,30572.0
17157,30142.0
22047,29824.0
55029,30369.0
48015,30380.0
27021,30639.0
21121,29909.0
13305,30380.0
20113,30146.0
50005,30403.0
40115,30340.0
13195,30885.0
51117,30248.0
47055,30542.0
51145,31136.0
54051,30115.0
55123,30915.0
21021,30747.0
47131,30466.0
39065,30621.0
55121,30724.0
40089,30884.0
18055,30786.0
26035,31065.0
28011,30308.0
21177,30694.0
27047,30749.0
18169,30816.0
45089,30484.0
51033,31332.0
42047,30783.0
48273,30635.0
8117,30941.0
48025,30924.0
56033,31646.0
27119,30757.0
16051,32202.0
23029,31121.0
45027,31024.0
31001,31027.0
33007,31289.0
29209,31548.0
28115,31445.0
8029,31661.0
30047,32033.0
51009,31273.0
48449,31183.0
26063,31252.0
20125,31156.0
13123,32026.0
29167,32043.0
41045,31693.0
21157,31748.0
47025,32267.0
1059,32013.0
20111,31998.0
47079,32239.0
22053,32345.0
45023,32209.0
22039,32215.0
48189,32220.0
54045,31909.0
24019,32489.0
39079,32511.0
6035,33159.0
17137,32606.0
47183,33036.0
54025,32608.0
48241,32975.0
47143,33136.0
18073,33091.0
1109,32991.0
29107,32817.0
37175,33165.0
18051,32924.0
5059,33148.0
53031,33605.0
1079,33090.0
18077,33141.0
28107,32851.0
17011,32883.0
18023,33065.0
13177,33411.0
24011,33386.0
13227,34024.0
38059,33611.0
51001,33246.0
19125,33380.0
18027,33397.0
51730,33429.0
17057,33197.0
40081,33829.0
19111,33215.0
13187,34278.0
51023,33866.0
26165,33901.0
36099,33688.0
28093,33725.0
51155,33759.0
38089,33046.0
17021,33662.0
51083,33738.0
12129,34690.0
20079,33817.0
27097,33992.0
17103,34049.0
12027,34408.0
26047,34225.0
28095,33883.0
37165,34227.0
54077,34358.0
20121,34593.0
20057,34159.0
31141,34241.0
18183,34430.0
46011,34639.0
39137,34318.0
35055,34623.0
18151,34632.0
47117,34984.0
27103,34332.0
20035,34496.0
29009,34712.0
31111,34133.0
17049,34430.0
55019,34746.0
1017,34541.0
28003,34349.0
48227,34128.0
28085,34943.0
17133,34932.0
13145,35626.0
39117,35151.0
49051,36173.0
27005,35219.0
30093,35411.0
23015,35828.0
47103,35433.0
19179,35256.0
39127,35460.0
31119,35337.0
49047,36204.0
29219,36518.0
48147,36569.0
17105,35664.0
21071,35274.0
42059,35369.0
18001,35961.0
48477,35891.0
21089,35649.0
19167,35893.0
18103,36081.0
48217,36471.0
31157,35745.0
51195,35647.0
47029,36418.0
29105,36133.0
27017,36409.0
13299,36033.0
18083,35956.0
48321,36344.0
51137,37188.0
37003,36644.0
21083,36615.0
39031,36618.0
22011,36584.0
18069,36717.0
47045,36615.0
1053,36699.0
18133,36979.0
40111,36843.0
21235,36939.0
23023,37071.0
27085,36735.0
26033,36816.0
20061,35934.0
48223,37211.0
26041,36826.0
22119,36184.0
17027,36793.0
19187,37147.0
55045,36988.0
21049,36871.0
37055,37826.0
39171,36716.0
17081,36877.0
37113,37564.0
56001,37608.0
31053,37103.0
21035,37560.0
26061,37313.0
42031,37156.0
37197,37192.0
50003,37312.0
50001,37260.0
36031,37268.0
22069,37026.0
42035,37465.0
27147,37349.0
5009,37830.0
24041,37626.0
1039,37524.0
17121,37390.0
17055,37442.0
45071,37996.0
51109,38848.0
18017,37563.0
19099,37764.0
55085,38259.0
5063,37723.0
18107,38063.0
29109,38321.0
48049,38192.0
29201,37840.0
40123,38163.0
1047,37619.0
46013,38101.0
39039,38144.0
20055,38107.0
42115,38389.0
39059,38287.0
17203,38225.0
42123,38134.0
45029,38462.0
4009,39050.0
51093,39278.0
51073,39069.0
39021,38699.0
48249,38847.0
54099,38498.0
19057,38491.0
5139,38340.0
20037,39110.0
55083,39356.0
40097,39159.0
27041,39238.0
37145,39127.0
29225,39735.0
56013,39336.0
40135,39508.0
47013,39578.0
16057,40313.0
22009,39236.0
23027,39912.0
12093,40266.0
18061,39761.0
12051,40313.0
42109,39621.0
29091,39975.0
26107,40031.0
13213,39951.0
27099,40158.0
19127,39853.0
28113,39973.0
36073,40191.0
39123,40104.0
35039,40179.0
42083,39941.0
51185,39925.0
54019,39927.0
40041,41000.0
36121,40491.0
5093,39661.0
26151,40506.0
18087,40524.0
6005,41259.0
23013,41084.0
37139,40821.0
51187,40925.0
55115,40859.0
39135,40867.0
42117,40929.0
48459,41774.0
47177,41523.0
47021,41523.0
41007,41810.0
38105,38484.0
1123,41023.0
27009,41459.0
13277,41212.0
27059,41906.0
48481,41721.0
5005,42144.0
26057,41544.0
48097,42244.0
55075,41875.0
40087,43516.0
39033,41754.0
39027,42004.0
29023,42101.0
13219,43023.0
16069,42454.0
53047,42634.0
47047,42832.0
56037,41614.0
55093,42587.0
54069,41776.0
22095,42094.0
49043,43093.0
51590,42215.0
39107,42309.0
37181,42185.0
5091,42649.0
39051,42450.0
42119,42568.0
48143,43378.0
51683,42708.0
40137,43129.0
47051,43215.0
29029,43436.0
8085,43168.0
37059,43533.0
37153,42724.0
13233,43496.0
29159,43188.0
19033,42706.0
53017,43696.0
51149,42880.0
33019,43533.0
13069,43386.0
12075,44158.0
19139,42688.0
37099,43410.0
45025,43268.0
18033,43333.0
39071,43354.0
12121,44485.0
40071,43732.0
18037,43549.0
39015,43662.0
27067,43767.0
12039,43714.0
40121,43633.0
13009,43781.0
39097,44386.0
22087,44258.0
6093,44118.0
42061,43889.0
36025,44378.0
47099,44828.0
39075,44271.0
51171,44752.0
55031,44203.0
29027,44638.0
30081,45959.0
42065,44114.0
21009,44544.0
17177,44021.0
29161,44937.0
37169,44553.0
48259,46788.0
37111,44717.0
28149,43579.0
53037,45499.0
28151,43687.0
37013,44468.0
21101,44329.0
26023,44985.0
17117,44406.0
27061,45070.0
13029,46938.0
55095,45431.0
48499,45875.0
18093,45070.0
1021,45274.0
18145,45039.0
6009,46221.0
21107,45138.0
22117,45133.0
55033,45547.0
26059,45546.0
40113,45772.0
13275,45842.0
5055,46317.0
42099,45986.0
50025,46090.0
13071,45812.0
48055,46791.0
18099,46121.0
39091,46035.0
42087,46136.0
28045,46055.0
13137,46774.0
27007,46380.0
55081,46193.0
40013,47105.0
18071,46067.0
36003,46106.0
47123,46698.0
39011,46141.0
19045,46463.0
51540,45672.0
53065,47426.0
55005,46719.0
36023,46311.0
17029,46765.0
21179,47098.0
48071,48865.0
36017,46537.0
40021,47627.0
56005,46401.0
12063,47694.0
18113,47227.0
16017,49491.0
42009,47461.0
36033,47456.0
27049,47968.0
48465,47564.0
4023,47883.0
53075,47873.0
36039,48499.0
40019,48291.0
5035,47525.0
16011,48876.0
39149,47977.0
40079,48476.0
21019,47899.0
21211,48461.0
22061,48152.0
35009,47999.0
36107,47980.0
37083,48272.0
22115,48027.0
37061,48515.0
37065,48359.0
18065,48935.0
8043,49661.0
48013,49939.0
17073,48907.0
22101,48232.0
1045,49342.0
48053,50954.0
36057,49558.0
32005,49870.0
13175,49547.0
27169,49630.0
40083,50885.0
17095,49268.0
24035,50798.0
48493,51257.0
50011,50325.0
26123,50296.0
48277,50098.0
31019,50339.0
33003,51500.0
42121,49938.0
47003,51119.0
47053,50541.0
23025,50592.0
41041,50862.0
48073,51097.0
37047,50092.0
48373,51899.0
18029,50816.0
44001,50818.0
51089,50248.0
48325,51981.0
42127,51431.0
26027,51483.0
21073,51682.0
22099,51540.0
51660,51430.0
17141,51449.0
28105,51842.0
55135,51570.0
39037,51597.0
55043,52110.0
32023,53450.0
37093,53114.0
48401,52743.0
39005,52316.0
24047,53132.0
55015,52539.0
22089,52282.0
17063,52989.0
1071,52773.0
19181,53402.0
40147,52772.0
41009,53074.0
48265,53161.0
51047,53596.0
48349,53591.0
16065,53881.0
17077,52565.0
21113,53626.0
36035,53116.0
26157,52917.0
4007,53589.0
47107,54059.0
17007,53159.0
47145,53992.0
1031,54174.0
32007,53915.0
51191,53635.0
29169,53816.0
29101,54150.0
37189,54234.0
20169,53888.0
47043,55292.0
51067,54938.0
40051,55508.0
47089,55624.0
13039,55664.0
39147,54906.0
37107,54706.0
47105,56690.0
23009,56192.0
17195,55305.0
6109,55810.0
51031,55492.0
8067,56250.0
8037,55727.0
28071,56884.0
29213,56387.0
28109,56503.0
54049,56001.0
45021,56052.0
48199,56973.0
47019,56134.0
47073,57288.0
27025,57469.0
1033,57474.0
22113,57204.0
48473,59781.0
54079,57260.0
22001,57288.0
21209,58252.0
49021,60519.0
13129,58237.0
50027,58196.0
54037,58370.0
48323,58056.0
23017,58629.0
48001,58402.0
49003,59688.0
47031,59032.0
39087,57445.0
36037,57853.0
36077,58123.0
21195,57391.0
39077,58367.0
55021,58488.0
42103,59952.0
29145,59386.0
39129,59333.0
32510,58993.0
28087,58150.0
39143,58715.0
1001,59095.0
37163,58990.0
1009,59041.0
1113,58722.0
32019,60903.0
54055,59097.0
39167,59423.0
48467,61275.0
50023,59969.0
29113,61586.0
42015,59892.0
36043,59937.0
27111,60046.0
5033,60378.0
51143,59972.0
50021,60591.0
37141,62815.0
26149,60758.0
47167,61004.0
37077,61986.0
36115,60956.0
47035,62451.0
36021,61778.0
36051,61578.0
8045,62161.0
20155,61414.0
48221,64222.0
37087,62476.0
35015,60911.0
39009,62056.0
26015,62992.0
53071,62682.0
37167,63425.0
40047,61926.0
21125,62561.0
31079,61979.0
39083,62897.0
45031,62755.0
39159,64971.0
5115,63789.0
37105,64138.0
45043,63921.0
33001,64460.0
18173,64514.0
28073,65353.0
37161,64586.0
47063,64468.0
26073,64813.0
6069,66677.0
48347,64668.0
42037,64872.0
42025,65412.0
34033,65046.0
41011,64999.0
21199,65423.0
1127,64818.0
39081,64789.0
13103,66741.0
35005,64629.0
13179,65711.0
27027,65574.0
39101,65291.0
42005,65093.0
17001,64954.0
45055,66130.0
46083,67870.0
6103,65498.0
36113,65618.0
55111,65697.0
54033,65158.0
48427,66049.0
37193,65806.0
4001,65623.0
26103,66103.0
53045,67615.0
40101,66146.0
39013,65849.0
27035,67270.0
55017,66865.0
18053,66263.0
18177,66456.0
26117,67220.0
5069,65861.0
26067,67197.0
29187,67541.0
23003,66859.0
27131,67262.0
17199,66879.0
28067,66744.0
20015,67889.0
13255,67909.0
45059,67803.0
21185,68685.0
37031,68541.0
13295,68510.0
21145,67454.0
35035,68537.0
36053,67658.0
24001,67729.0
13047,68397.0
26155,67877.0
6033,68766.0
48409,69699.0
48203,69150.0
48497,71714.0
37069,71703.0
27013,69280.0
45047,69241.0
13285,69720.0
41035,70164.0
22045,68975.0
38101,69071.0
12023,70385.0
51199,70915.0
47059,70621.0
55097,70468.0
25011,71015.0
30049,72223.0
18011,73052.0
37171,71152.0
1049,71813.0
40037,72029.0
18109,72206.0
20161,72208.0
40125,73019.0
35031,71780.0
21047,72357.0
28075,72088.0
47147,74098.0
51061,73815.0
38035,72705.0
49045,76640.0
12107,74167.0
39145,73346.0
17183,73095.0
42111,73627.0
5085,74722.0
55141,74070.0
54081,73771.0
8014,75325.0
35025,73004.0
39063,74656.0
39043,74852.0
26159,75658.0
53027,76841.0
12131,80069.0
36011,75880.0
35061,77190.0
33005,77329.0
48471,77977.0
37037,77889.0
13157,80286.0
5145,77207.0
36009,76426.0
39141,76891.0
29051,77205.0
47001,77576.0
53009,78209.0
51015,77563.0
28035,77875.0
51095,79882.0
45073,79203.0
36105,79806.0
37195,78369.0
51680,79009.0
26037,79426.0
53007,79646.0
51019,80131.0
36019,79596.0
47141,81188.0
41059,79988.0
18085,80106.0
18059,81789.0
56025,79555.0
42033,80082.0
18043,80454.0
37027,80463.0
55071,81505.0
40145,84050.0
13031,82442.0
40119,81989.0
29031,82113.0
20103,82184.0
6115,83421.0
1121,81524.0
18005,82475.0
22097,82071.0
21029,82918.0
48213,83667.0
53041,84398.0
12087,82170.0
48099,84232.0
42063,82886.0
28081,82883.0
26111,83457.0
18067,83687.0
42039,83351.0
51165,84394.0
36015,83045.0
45075,82962.0
13013,86658.0
54107,83624.0
30013,84511.0
13127,84739.0
29021,83853.0
48361,84742.0
55055,84943.0
13095,84844.0
44005,85264.0
42073,85497.0
39119,86408.0
48005,86506.0
53029,87432.0
16005,88263.0
37109,89670.0
37023,87611.0
41053,89164.0
1043,89496.0
41033,88346.0
1051,89304.0
26087,88513.0
29043,91499.0
55027,89313.0
16083,92243.0
12089,94189.0
37157,91266.0
36117,90923.0
33009,92201.0
48469,90964.0
1115,92748.0
6045,91305.0
42097,91266.0
55089,92497.0
51069,93717.0
48291,97621.0
48037,92581.0
24009,93928.0
21151,94666.0
39157,92500.0
21037,93050.0
36101,92948.0
19155,93304.0
1077,94043.0
13247,94082.0
55109,95044.0
54011,93418.0
51800,96194.0
37127,95176.0
34009,95661.0
41003,96017.0
26055,95860.0
40131,96695.0
39055,95565.0
45057,100336.0
51161,96589.0
53021,98268.0
13297,99853.0
39007,97337.0
27141,99074.0
22057,97504.0
1095,98228.0
36079,97936.0
48021,102058.0
51740,97840.0
38015,98933.0
47155,99517.0
13115,98771.0
19169,99472.0
47113,98775.0
26091,98956.0
19061,98718.0
53025,100297.0
6101,99063.0
51121,98473.0
37045,100359.0
51770,98865.0
5051,100330.0
37125,102763.0
48231,103394.0
17037,100414.0
19049,103796.0
37049,100674.0
56021,100863.0
12055,103296.0
39029,101310.0
47119,104760.0
39003,101670.0
6057,103487.0
13313,102848.0
21059,103063.0
1055,103162.0
24045,103980.0
26017,102985.0
17115,102432.0
24015,103905.0
42001,104127.0
55039,104362.0
1083,107517.0
29071,105231.0
30029,108454.0
36109,105162.0
45085,104758.0
55035,106452.0
19193,105607.0
54061,106387.0
18167,105994.0
55127,106799.0
4017,108147.0
29165,108569.0
1069,107458.0
17091,106601.0
27019,108626.0
41071,108239.0
29037,109638.0
36089,108051.0
47011,110162.0
39109,109264.0
48397,116381.0
26045,108944.0
28089,109813.0
13015,110843.0
22109,108708.0
17099,108965.0
46103,111806.0
34041,110731.0
51085,111603.0
42085,109972.0
21093,111607.0
53015,111524.0
23001,111034.0
41019,111978.0
5031,112218.0
18035,111871.0
18091,112390.0
36069,112508.0
51003,113535.0
13217,115355.0
24037,114468.0
42081,113605.0
12035,120932.0
36045,116295.0
9015,116418.0
1015,115972.0
37155,116328.0
37089,116829.0
39169,116710.0
37191,116835.0
36075,117387.0
55117,117747.0
48375,116547.0
30063,119533.0
13185,119276.0
20045,119363.0
13113,120574.0
13045,121968.0
30031,122713.0
48451,119411.0
26005,120950.0
55063,120433.0
40031,122063.0
18019,122738.0
35045,120993.0
42013,121767.0
54003,126069.0
29097,123155.0
1103,123668.0
5045,125106.0
5125,125233.0
23011,124486.0
48183,124201.0
16019,127930.0
39139,125195.0
4003,126050.0
22005,128369.0
36013,126807.0
5131,128400.0
42051,126931.0
13059,128711.0
22015,129144.0
25003,128657.0
34019,129924.0
41043,129839.0
48485,130069.0
22079,128654.0
44009,130592.0
53057,130696.0
18095,130782.0
12119,135638.0
19013,130368.0
33017,132416.0
17179,130413.0
45077,132229.0
39173,132472.0
17093,134867.0
42021,132167.0
47179,134236.0
49005,137417.0
22105,135217.0
37085,135966.0
26025,133819.0
21227,137212.0
47009,137605.0
39023,135633.0
48181,139336.0
6023,136310.0
21015,137412.0
55131,137175.0
45041,136504.0
51650,137746.0
6055,136207.0
55073,137648.0
37019,144215.0
18105,139875.0
51177,143676.0
48381,143854.0
27171,144845.0
22063,145830.0
42107,143264.0
42075,143493.0
28059,143987.0
48441,143326.0
34037,145543.0
17161,142909.0
37151,145172.0
13097,145814.0
4005,145052.0
13077,149956.0
48257,157768.0
37159,148150.0
47189,151917.0
37135,148884.0
35043,151369.0
48367,156764.0
9013,150293.0
27139,153268.0
23019,152765.0
6031,153443.0
19103,154748.0
34011,153627.0
33013,155238.0
26021,153101.0
12017,158083.0
24043,154937.0
26115,155274.0
35049,155201.0
40017,161737.0
42055,156289.0
8077,157335.0
6039,159410.0
13073,159639.0
28121,158096.0
13021,156762.0
51179,160877.0
36093,158089.0
42027,157527.0
47163,159265.0
27145,158947.0
12085,159942.0
51510,154706.0
39045,161064.0
22073,158768.0
26075,160050.0
26147,160053.0
12061,163662.0
37035,161723.0
36083,160232.0
39133,162382.0
45035,163327.0
25015,161572.0
18081,164298.0
27109,163436.0
48091,174986.0
55105,164381.0
9007,164759.0
13153,166829.0
30111,167146.0
48135,161091.0
24017,168698.0
42007,166624.0
39057,168412.0
42089,169273.0
50007,168865.0
8101,169622.0
20209,167046.0
45003,170776.0
55059,168732.0
37057,170637.0
21117,169495.0
13223,173780.0
48329,167969.0
44003,170715.0
37147,172169.0
17113,170889.0
55139,171623.0
37001,173877.0
16055,179789.0
24013,173873.0
18127,174243.0
48187,177036.0
12005,179168.0
19163,174170.0
1081,177218.0
18063,179355.0
26121,176511.0
20177,178264.0
39089,180401.0
6025,179851.0
54039,177952.0
18163,179987.0
48251,187280.0
17143,179432.0
36111,182951.0
6089,182139.0
49053,191226.0
10001,184149.0
39103,183092.0
29019,185840.0
38017,186562.0
9005,185000.0
28033,188633.0
51700,184587.0
18157,187076.0
37097,191968.0
45013,191748.0
12015,194843.0
12113,193998.0
26145,189591.0
55087,191545.0
31153,193418.0
6017,193221.0
42019,194273.0
26093,195014.0
48139,202678.0
12053,200638.0
17167,194734.0
47165,200557.0
55101,196896.0
46099,199685.0
36007,197240.0
41017,204801.0
27137,199182.0
39155,201335.0
13139,207369.0
45007,206908.0
4027,206990.0
37133,206160.0
17019,205943.0
13245,205673.0
18039,206921.0
13215,205617.0
53005,210025.0
28047,209396.0
39025,209642.0
42125,209470.0
6007,208309.0
12091,213255.0
23031,214591.0
36063,211653.0
4015,217692.0
39041,220740.0
42069,215663.0
6113,216986.0
22019,205282.0
37101,226504.0
12019,222361.0
35013,221508.0
47125,227900.0
41029,223734.0
1117,226902.0
37129,229018.0
28049,222679.0
51760,226604.0
29099,227771.0
37025,231278.0
1125,227007.0
53073,228831.0
39099,226762.0
37071,230856.0
1101,227434.0
25001,232411.0
19113,228939.0
45015,236701.0
36065,230274.0
39085,232023.0
16027,243115.0
1003,239294.0
48423,237186.0
48041,237032.0
36091,237359.0
22017,233092.0
4025,242253.0
51710,235089.0
51013,232965.0
10005,247527.0
37179,243648.0
13151,245235.0
22055,244205.0
39165,246553.0
48209,255397.0
5143,250057.0
47187,255735.0
51550,251269.0
13117,260206.0
29047,255518.0
48245,253704.0
53077,256035.0
17163,254796.0
42041,262919.0
48309,263115.0
24025,262977.0
26077,261108.0
6041,260206.0
49057,267066.0
22103,269388.0
17119,264490.0
48479,267945.0
13057,274615.0
27163,272256.0
9011,268805.0
55009,269591.0
37021,271534.0
6087,267792.0
42049,269011.0
18141,272212.0
24021,279835.0
34001,274966.0
53035,274314.0
12109,292466.0
12001,279238.0
6047,286461.0
6079,283159.0
45091,288595.0
26065,284034.0
17201,283119.0
5007,293692.0
42043,287400.0
12073,292817.0
45063,300137.0
13051,296329.0
53067,297977.0
36027,297112.0
40027,297597.0
26139,299157.0
13063,297100.0
29077,300865.0
29510,293310.0
34015,304477.0
23005,305231.0
17111,311122.0
48303,314451.0
42095,313628.0
39093,315595.0
36001,313743.0
33015,316947.0
21067,321793.0
12033,322390.0
31109,324514.0
42079,326053.0
37063,326126.0
45083,335864.0
8013,329543.0
12111,343579.0
8123,340036.0
24027,334529.0
51087,333554.0
37051,335508.0
36087,339227.0
47149,352182.0
34035,345647.0
41047,347119.0
18057,356650.0
48167,355062.0
48355,353079.0
45051,365579.0
42129,353057.0
8069,362533.0
8035,368990.0
49011,367285.0
27003,367018.0
51041,370688.0
47065,369135.0
26161,369390.0
48027,379617.0
48039,379689.0
39151,373834.0
42077,375539.0
12021,385980.0
12083,385915.0
37067,385523.0
41039,383189.0
22071,376971.0
12069,395804.0
18003,388608.0
34021,385898.0
1089,395211.0
39017,390234.0
12097,403282.0
5119,397821.0
36071,404525.0
12081,412703.0
26049,404208.0
6061,412300.0
29183,409981.0
55133,408756.0
45019,413024.0
1097,413073.0
45079,418307.0
48061,423029.0
41005,422537.0
51107,427592.0
33011,424079.0
42011,429342.0
4021,449557.0
39095,429191.0
12115,447057.0
6053,437325.0
22051,433688.0
27037,442038.0
6083,446475.0
6095,451716.0
22033,453301.0
42133,458696.0
51810,457672.0
34005,464269.0
25013,462718.0
12117,470093.0
6107,477054.0
36067,473236.0
47093,486677.0
51153,484472.0
32031,493392.0
6097,485887.0
19153,496844.0
36085,493494.0
16001,511931.0
18089,498558.0
53011,511404.0
34027,510981.0
17089,515588.0
8001,522140.0
34031,518117.0
34007,523771.0
20173,523828.0
45045,533834.0
25023,533003.0
42029,538649.0
39113,535840.0
39153,537633.0
53063,546040.0
37081,542410.0
27123,543257.0
42071,553652.0
6099,552999.0
12127,564412.0
55025,563951.0
12101,584067.0
10003,571708.0
34039,572114.0
42045,573849.0
25005,580164.0
8059,579581.0
24510,576498.0
31055,585008.0
24003,590336.0
41067,600811.0
12009,616628.0
20091,613219.0
48491,643026.0
48339,648886.0
34029,648998.0
34025,645354.0
42017,646098.0
8005,654900.0
26081,658046.0
44007,658221.0
49049,684986.0
40143,672858.0
1073,667820.0
35001,674393.0
11001,670050.0
17197,697252.0
17097,711239.0
47037,703953.0
29095,716862.0
8031,711463.0
34017,702463.0
25021,724505.0
12105,753520.0
8041,737867.0
36055,755160.0
6081,737888.0
13089,757718.0
12071,787976.0
13067,766802.0
6077,789410.0
21111,777874.0
25025,771245.0
40109,798575.0
25009,807074.0
41051,803377.0
48157,858527.0
53061,833540.0
39061,826139.0
6111,839784.0
24005,849316.0
42091,860578.0
25027,862029.0
34023,860807.0
34013,854917.0
9009,863700.0
48141,867947.0
6075,815201.0
48215,880356.0
26099,876792.0
9003,896854.0
6029,917673.0
48121,941647.0
53053,925708.0
47157,924454.0
17043,924885.0
55079,928059.0
36029,950683.0
34003,953819.0
9001,959768.0
13135,964546.0
12103,956615.0
24033,955306.0
18097,971102.0
12031,999935.0
29189,997187.0
36119,997895.0
6019,1013581.0
4019,1052030.0
24031,1054827.0
13121,1065334.0
48085,1109462.0
37119,1122276.0
37183,1150204.0
51059,1139720.0
6013,1161413.0
49035,1186421.0
42003,1238090.0
39035,1249387.0
26125,1270017.0
27053,1267416.0
48453,1305154.0
39049,1321414.0
36059,1390907.0
12095,1422746.0
12057,1478194.0
36005,1424948.0
12099,1497987.0
36103,1526344.0
6067,1588921.0
42101,1576251.0
25017,1614742.0
6001,1648556.0
36061,1576876.0
26163,1774816.0
6085,1885508.0
12011,1930983.0
48029,2028236.0
48439,2126477.0
6071,2194710.0
53033,2252305.0
32003,2292476.0
36081,2331143.0
6065,2458395.0
48113,2586050.0
12086,2662777.0
36047,2641052.0
6059,3167809.0
6073,3286069.0
4013,4496588.0
48201,4728030.0
17031,5173146.0
6037,9829544.0
46113,14309.0
51515,6599.0
